model,repeat,k,full,top_k,full_f1,top_k_f1
gigapath,1,20,0.5158730158730158,0.43650793650793646,0.48821548821548816,0.428657616892911
gigapath,1,50,0.5158730158730158,0.34920634920634913,0.48821548821548816,0.3516483516483517
gigapath,1,100,0.5158730158730158,0.30158730158730157,0.48821548821548816,0.3111111111111111
gigapath,1,200,0.5158730158730158,0.4047619047619048,0.48821548821548816,0.40277777777777773
gigapath,1,500,0.5158730158730158,0.5158730158730158,0.48821548821548816,0.48821548821548816
gigapath,1,1000,0.5158730158730158,0.4603174603174603,0.48821548821548816,0.44979203802733214
gigapath,1,1500,0.5158730158730158,0.5158730158730158,0.48821548821548816,0.49059011164274313
gigapath,2,20,0.4603174603174603,0.38888888888888884,0.44979203802733214,0.3715034965034965
gigapath,2,50,0.4603174603174603,0.3412698412698412,0.44979203802733214,0.3495726495726496
gigapath,2,100,0.4603174603174603,0.34920634920634913,0.44979203802733214,0.36594516594516585
gigapath,2,200,0.4603174603174603,0.34920634920634913,0.44979203802733214,0.36594516594516585
gigapath,2,500,0.4603174603174603,0.4603174603174603,0.44979203802733214,0.44979203802733214
gigapath,2,1000,0.4603174603174603,0.4603174603174603,0.44979203802733214,0.44979203802733214
gigapath,2,1500,0.4603174603174603,0.4603174603174603,0.44979203802733214,0.44979203802733214
gigapath,3,20,0.5634920634920634,0.25396825396825395,0.5395127748068925,0.24523809523809526
gigapath,3,50,0.5634920634920634,0.5,0.5395127748068925,0.5079365079365079
gigapath,3,100,0.5634920634920634,0.4523809523809524,0.5395127748068925,0.45054945054945056
gigapath,3,200,0.5634920634920634,0.5,0.5395127748068925,0.5079365079365079
gigapath,3,500,0.5634920634920634,0.6190476190476191,0.5395127748068925,0.585858585858586
gigapath,3,1000,0.5634920634920634,0.5079365079365079,0.5395127748068925,0.49999999999999994
gigapath,3,1500,0.5634920634920634,0.5634920634920634,0.5395127748068925,0.5395127748068925
gigapath,4,20,0.4523809523809524,0.4920634920634921,0.4606643356643357,0.4962962962962963
gigapath,4,50,0.4523809523809524,0.3968253968253968,0.4606643356643357,0.39886039886039887
gigapath,4,100,0.4523809523809524,0.3968253968253968,0.4606643356643357,0.4105763517528223
gigapath,4,200,0.4523809523809524,0.4523809523809524,0.4606643356643357,0.45384615384615384
gigapath,4,500,0.4523809523809524,0.4523809523809524,0.4606643356643357,0.458008658008658
gigapath,4,1000,0.4523809523809524,0.4603174603174603,0.4606643356643357,0.4447415329768271
gigapath,4,1500,0.4523809523809524,0.4523809523809524,0.4606643356643357,0.4606643356643357
gigapath,5,20,0.4523809523809524,0.29365079365079366,0.4542124542124542,0.3164983164983165
gigapath,5,50,0.4523809523809524,0.4047619047619048,0.4542124542124542,0.4261904761904762
gigapath,5,100,0.4523809523809524,0.39682539682539675,0.4542124542124542,0.4051282051282051
gigapath,5,200,0.4523809523809524,0.39682539682539675,0.4542124542124542,0.39682539682539675
gigapath,5,500,0.4523809523809524,0.4523809523809524,0.4542124542124542,0.4542124542124542
gigapath,5,1000,0.4523809523809524,0.4523809523809524,0.4542124542124542,0.4542124542124542
gigapath,5,1500,0.4523809523809524,0.4523809523809524,0.4542124542124542,0.4542124542124542
gigapath,6,20,0.4603174603174603,0.4444444444444444,0.4444444444444444,0.4447415329768271
gigapath,6,50,0.4603174603174603,0.38888888888888884,0.4444444444444444,0.3814814814814815
gigapath,6,100,0.4603174603174603,0.4523809523809524,0.4444444444444444,0.45384615384615384
gigapath,6,200,0.4603174603174603,0.4047619047619048,0.4444444444444444,0.4047619047619048
gigapath,6,500,0.4603174603174603,0.4603174603174603,0.4444444444444444,0.4444444444444444
gigapath,6,1000,0.4603174603174603,0.4047619047619048,0.4444444444444444,0.40256410256410263
gigapath,6,1500,0.4603174603174603,0.4603174603174603,0.4444444444444444,0.4444444444444444
gigapath,7,20,0.4047619047619048,0.3968253968253968,0.40938228438228436,0.3927601809954751
gigapath,7,50,0.4047619047619048,0.3968253968253968,0.40938228438228436,0.41038961038961036
gigapath,7,100,0.4047619047619048,0.34920634920634913,0.40938228438228436,0.3581196581196581
gigapath,7,200,0.4047619047619048,0.4047619047619048,0.40938228438228436,0.40938228438228436
gigapath,7,500,0.4047619047619048,0.4047619047619048,0.40938228438228436,0.40938228438228436
gigapath,7,1000,0.4047619047619048,0.4523809523809524,0.40938228438228436,0.458008658008658
gigapath,7,1500,0.4047619047619048,0.4047619047619048,0.40938228438228436,0.40938228438228436
gigapath,8,20,0.4603174603174603,0.30158730158730157,0.4444444444444444,0.30256410256410254
gigapath,8,50,0.4603174603174603,0.29365079365079366,0.4444444444444444,0.2748114630467572
gigapath,8,100,0.4603174603174603,0.30158730158730157,0.4444444444444444,0.30036630036630035
gigapath,8,200,0.4603174603174603,0.30158730158730157,0.4444444444444444,0.30036630036630035
gigapath,8,500,0.4603174603174603,0.4047619047619048,0.4444444444444444,0.40256410256410263
gigapath,8,1000,0.4603174603174603,0.4047619047619048,0.4444444444444444,0.40256410256410263
gigapath,8,1500,0.4603174603174603,0.4603174603174603,0.4444444444444444,0.4444444444444444
gigapath,9,20,0.5634920634920634,0.3968253968253968,0.5395127748068925,0.40277777777777773
gigapath,9,50,0.5634920634920634,0.4047619047619048,0.5395127748068925,0.4047619047619048
gigapath,9,100,0.5634920634920634,0.5,0.5395127748068925,0.5079365079365079
gigapath,9,200,0.5634920634920634,0.5079365079365079,0.5395127748068925,0.49999999999999994
gigapath,9,500,0.5634920634920634,0.5079365079365079,0.5395127748068925,0.49999999999999994
gigapath,9,1000,0.5634920634920634,0.5079365079365079,0.5395127748068925,0.49999999999999994
gigapath,9,1500,0.5634920634920634,0.5634920634920634,0.5395127748068925,0.5395127748068925
gigapath,10,20,0.4047619047619048,0.4444444444444444,0.39829059829059826,0.44273504273504277
gigapath,10,50,0.4047619047619048,0.3412698412698412,0.39829059829059826,0.3427350427350427
gigapath,10,100,0.4047619047619048,0.38888888888888884,0.39829059829059826,0.38888888888888884
gigapath,10,200,0.4047619047619048,0.4047619047619048,0.39829059829059826,0.40277777777777773
gigapath,10,500,0.4047619047619048,0.4126984126984126,0.39829059829059826,0.3811188811188811
gigapath,10,1000,0.4047619047619048,0.35714285714285715,0.39829059829059826,0.33945221445221446
gigapath,10,1500,0.4047619047619048,0.35714285714285715,0.39829059829059826,0.33945221445221446
gigapath,11,20,0.5158730158730158,0.3968253968253968,0.48821548821548816,0.39926739926739924
gigapath,11,50,0.5158730158730158,0.4523809523809524,0.48821548821548816,0.45054945054945056
gigapath,11,100,0.5158730158730158,0.5079365079365079,0.48821548821548816,0.4981684981684982
gigapath,11,200,0.5158730158730158,0.4047619047619048,0.48821548821548816,0.39926739926739924
gigapath,11,500,0.5158730158730158,0.5158730158730158,0.48821548821548816,0.48821548821548816
gigapath,11,1000,0.5158730158730158,0.5158730158730158,0.48821548821548816,0.48821548821548816
gigapath,11,1500,0.5158730158730158,0.5158730158730158,0.48821548821548816,0.48821548821548816
gigapath,12,20,0.5158730158730158,0.38888888888888884,0.47890671420083186,0.39194139194139194
gigapath,12,50,0.5158730158730158,0.39682539682539675,0.47890671420083186,0.4051282051282051
gigapath,12,100,0.5158730158730158,0.4523809523809524,0.47890671420083186,0.4542124542124542
gigapath,12,200,0.5158730158730158,0.5,0.47890671420083186,0.5186147186147186
gigapath,12,500,0.5158730158730158,0.5634920634920634,0.47890671420083186,0.5416666666666666
gigapath,12,1000,0.5158730158730158,0.4603174603174603,0.47890671420083186,0.4444444444444444
gigapath,12,1500,0.5158730158730158,0.5158730158730158,0.47890671420083186,0.47890671420083186
gigapath,13,20,0.4603174603174603,0.4444444444444444,0.44979203802733214,0.4497920380273321
gigapath,13,50,0.4603174603174603,0.3412698412698412,0.44979203802733214,0.337037037037037
gigapath,13,100,0.4603174603174603,0.39682539682539675,0.44979203802733214,0.402930402930403
gigapath,13,200,0.4603174603174603,0.4523809523809524,0.44979203802733214,0.44957264957264953
gigapath,13,500,0.4603174603174603,0.4603174603174603,0.44979203802733214,0.44979203802733214
gigapath,13,1000,0.4603174603174603,0.4603174603174603,0.44979203802733214,0.44979203802733214
gigapath,13,1500,0.4603174603174603,0.4603174603174603,0.44979203802733214,0.44979203802733214
gigapath,14,20,0.5158730158730158,0.34920634920634913,0.483957219251337,0.35714285714285715
gigapath,14,50,0.5158730158730158,0.4523809523809524,0.483957219251337,0.4606643356643357
gigapath,14,100,0.5158730158730158,0.4047619047619048,0.483957219251337,0.4047619047619048
gigapath,14,200,0.5158730158730158,0.35714285714285715,0.483957219251337,0.3412698412698412
gigapath,14,500,0.5158730158730158,0.4603174603174603,0.483957219251337,0.447008547008547
gigapath,14,1000,0.5158730158730158,0.4682539682539682,0.483957219251337,0.41659125188536955
gigapath,14,1500,0.5158730158730158,0.5158730158730158,0.483957219251337,0.483957219251337
gigapath,15,20,0.5079365079365079,0.49206349206349204,0.5002970885323826,0.49401709401709404
gigapath,15,50,0.5079365079365079,0.39682539682539675,0.5002970885323826,0.42655122655122657
gigapath,15,100,0.5079365079365079,0.4523809523809524,0.5002970885323826,0.469988344988345
gigapath,15,200,0.5079365079365079,0.5,0.5002970885323826,0.5186147186147186
gigapath,15,500,0.5079365079365079,0.5079365079365079,0.5002970885323826,0.5002970885323826
gigapath,15,1000,0.5079365079365079,0.5079365079365079,0.5002970885323826,0.5002970885323826
gigapath,15,1500,0.5079365079365079,0.5079365079365079,0.5002970885323826,0.5002970885323826
gigapath,16,20,0.5714285714285714,0.36507936507936506,0.5070889894419307,0.34432234432234426
gigapath,16,50,0.5714285714285714,0.30158730158730157,0.5070889894419307,0.30216450216450214
gigapath,16,100,0.5714285714285714,0.35714285714285715,0.5070889894419307,0.35714285714285715
gigapath,16,200,0.5714285714285714,0.35714285714285715,0.5070889894419307,0.3553113553113553
gigapath,16,500,0.5714285714285714,0.5714285714285714,0.5070889894419307,0.5070889894419307
gigapath,16,1000,0.5714285714285714,0.5714285714285714,0.5070889894419307,0.5070889894419307
gigapath,16,1500,0.5714285714285714,0.5714285714285714,0.5070889894419307,0.5070889894419307
gigapath,17,20,0.34920634920634913,0.4047619047619048,0.3581196581196581,0.3968253968253968
gigapath,17,50,0.34920634920634913,0.4523809523809524,0.3581196581196581,0.45384615384615384
gigapath,17,100,0.34920634920634913,0.3968253968253968,0.3581196581196581,0.40277777777777773
gigapath,17,200,0.34920634920634913,0.3412698412698412,0.3581196581196581,0.3412698412698412
gigapath,17,500,0.34920634920634913,0.39682539682539675,0.3581196581196581,0.402930402930403
gigapath,17,1000,0.34920634920634913,0.34920634920634913,0.3581196581196581,0.3581196581196581
gigapath,17,1500,0.34920634920634913,0.34920634920634913,0.3581196581196581,0.3581196581196581
gigapath,18,20,0.5634920634920634,0.4523809523809524,0.5346736596736598,0.4678571428571428
gigapath,18,50,0.5634920634920634,0.4603174603174603,0.5346736596736598,0.45104895104895104
gigapath,18,100,0.5634920634920634,0.4523809523809524,0.5346736596736598,0.45054945054945056
gigapath,18,200,0.5634920634920634,0.5634920634920634,0.5346736596736598,0.5416666666666666
gigapath,18,500,0.5634920634920634,0.5079365079365079,0.5346736596736598,0.494017094017094
gigapath,18,1000,0.5634920634920634,0.5634920634920634,0.5346736596736598,0.5346736596736598
gigapath,18,1500,0.5634920634920634,0.5634920634920634,0.5346736596736598,0.5346736596736598
gigapath,19,20,0.5634920634920634,0.24603174603174602,0.5488215488215489,0.24603174603174602
gigapath,19,50,0.5634920634920634,0.35714285714285715,0.5488215488215489,0.3499702911467617
gigapath,19,100,0.5634920634920634,0.4047619047619048,0.5488215488215489,0.42023809523809524
gigapath,19,200,0.5634920634920634,0.4603174603174603,0.5488215488215489,0.45942684766214176
gigapath,19,500,0.5634920634920634,0.4603174603174603,0.5488215488215489,0.4619047619047619
gigapath,19,1000,0.5634920634920634,0.5634920634920634,0.5488215488215489,0.5488215488215489
gigapath,19,1500,0.5634920634920634,0.5634920634920634,0.5488215488215489,0.5488215488215489
gigapath,20,20,0.4603174603174603,0.34920634920634924,0.4444444444444444,0.34877622377622375
gigapath,20,50,0.4603174603174603,0.4523809523809524,0.4444444444444444,0.4606643356643357
gigapath,20,100,0.4603174603174603,0.4523809523809524,0.4444444444444444,0.4523809523809524
gigapath,20,200,0.4603174603174603,0.34920634920634913,0.4444444444444444,0.36594516594516585
gigapath,20,500,0.4603174603174603,0.4603174603174603,0.4444444444444444,0.4444444444444444
gigapath,20,1000,0.4603174603174603,0.4603174603174603,0.4444444444444444,0.4444444444444444
gigapath,20,1500,0.4603174603174603,0.4603174603174603,0.4444444444444444,0.4444444444444444
gigapath,21,20,0.4603174603174603,0.35714285714285715,0.44979203802733214,0.3412698412698412
gigapath,21,50,0.4603174603174603,0.35714285714285715,0.44979203802733214,0.34722222222222227
gigapath,21,100,0.4603174603174603,0.4603174603174603,0.44979203802733214,0.4444444444444444
gigapath,21,200,0.4603174603174603,0.34920634920634913,0.44979203802733214,0.3581196581196581
gigapath,21,500,0.4603174603174603,0.4603174603174603,0.44979203802733214,0.44979203802733214
gigapath,21,1000,0.4603174603174603,0.4603174603174603,0.44979203802733214,0.44979203802733214
gigapath,21,1500,0.4603174603174603,0.4603174603174603,0.44979203802733214,0.44979203802733214
gigapath,22,20,0.5634920634920635,0.38888888888888884,0.5445632798573975,0.40277777777777773
gigapath,22,50,0.5634920634920635,0.4444444444444444,0.5445632798573975,0.45054945054945056
gigapath,22,100,0.5634920634920635,0.4523809523809524,0.5445632798573975,0.45384615384615384
gigapath,22,200,0.5634920634920635,0.4047619047619048,0.5445632798573975,0.40277777777777773
gigapath,22,500,0.5634920634920635,0.4603174603174603,0.5445632798573975,0.4444444444444444
gigapath,22,1000,0.5634920634920635,0.5634920634920635,0.5445632798573975,0.5445632798573975
gigapath,22,1500,0.5634920634920635,0.5634920634920635,0.5445632798573975,0.5445632798573975
gigapath,23,20,0.5158730158730158,0.30158730158730157,0.49059011164274313,0.2881701631701632
gigapath,23,50,0.5158730158730158,0.5079365079365079,0.49059011164274313,0.5
gigapath,23,100,0.5158730158730158,0.4603174603174603,0.49059011164274313,0.45483405483405476
gigapath,23,200,0.5158730158730158,0.4126984126984126,0.49059011164274313,0.3811188811188811
gigapath,23,500,0.5158730158730158,0.5158730158730158,0.49059011164274313,0.483957219251337
gigapath,23,1000,0.5158730158730158,0.5158730158730158,0.49059011164274313,0.49059011164274313
gigapath,23,1500,0.5158730158730158,0.5158730158730158,0.49059011164274313,0.49059011164274313
gigapath,24,20,0.4682539682539682,0.24603174603174605,0.4185185185185185,0.24017094017094018
gigapath,24,50,0.4682539682539682,0.3968253968253968,0.4185185185185185,0.3982905982905984
gigapath,24,100,0.4682539682539682,0.3412698412698412,0.4185185185185185,0.35353535353535354
gigapath,24,200,0.4682539682539682,0.4126984126984126,0.4185185185185185,0.3888888888888889
gigapath,24,500,0.4682539682539682,0.4682539682539682,0.4185185185185185,0.42335115864527634
gigapath,24,1000,0.4682539682539682,0.4126984126984126,0.4185185185185185,0.38413547237076645
gigapath,24,1500,0.4682539682539682,0.4126984126984126,0.4185185185185185,0.38413547237076645
gigapath,25,20,0.4603174603174603,0.5,0.4511784511784511,0.5079365079365079
gigapath,25,50,0.4603174603174603,0.4523809523809524,0.4511784511784511,0.45054945054945056
gigapath,25,100,0.4603174603174603,0.4047619047619048,0.4511784511784511,0.40256410256410263
gigapath,25,200,0.4603174603174603,0.4603174603174603,0.4511784511784511,0.44979203802733214
gigapath,25,500,0.4603174603174603,0.4603174603174603,0.4511784511784511,0.44979203802733214
gigapath,25,1000,0.4603174603174603,0.4603174603174603,0.4511784511784511,0.4511784511784511
gigapath,25,1500,0.4603174603174603,0.4603174603174603,0.4511784511784511,0.4511784511784511
gigapath,26,20,0.4523809523809524,0.4523809523809524,0.45384615384615384,0.45384615384615384
gigapath,26,50,0.4523809523809524,0.29365079365079366,0.45384615384615384,0.2977855477855478
gigapath,26,100,0.4523809523809524,0.39682539682539675,0.45384615384615384,0.3956043956043956
gigapath,26,200,0.4523809523809524,0.39682539682539675,0.45384615384615384,0.3968253968253968
gigapath,26,500,0.4523809523809524,0.4523809523809524,0.45384615384615384,0.44502164502164504
gigapath,26,1000,0.4523809523809524,0.4603174603174603,0.45384615384615384,0.4447415329768271
gigapath,26,1500,0.4523809523809524,0.4523809523809524,0.45384615384615384,0.45384615384615384
gigapath,27,20,0.4126984126984126,0.19841269841269837,0.3811188811188811,0.20683760683760685
gigapath,27,50,0.4126984126984126,0.30158730158730157,0.3811188811188811,0.2967032967032967
gigapath,27,100,0.4126984126984126,0.4126984126984126,0.3811188811188811,0.3811188811188811
gigapath,27,200,0.4126984126984126,0.35714285714285715,0.3811188811188811,0.3367965367965368
gigapath,27,500,0.4126984126984126,0.4126984126984126,0.3811188811188811,0.3811188811188811
gigapath,27,1000,0.4126984126984126,0.4126984126984126,0.3811188811188811,0.3811188811188811
gigapath,27,1500,0.4126984126984126,0.4126984126984126,0.3811188811188811,0.3811188811188811
gigapath,28,20,0.5158730158730158,0.29365079365079366,0.483957219251337,0.2982905982905983
gigapath,28,50,0.5158730158730158,0.30158730158730157,0.483957219251337,0.29572649572649573
gigapath,28,100,0.5158730158730158,0.4047619047619048,0.483957219251337,0.40256410256410263
gigapath,28,200,0.5158730158730158,0.4047619047619048,0.483957219251337,0.40256410256410263
gigapath,28,500,0.5158730158730158,0.4603174603174603,0.483957219251337,0.4444444444444444
gigapath,28,1000,0.5158730158730158,0.5158730158730158,0.483957219251337,0.483957219251337
gigapath,28,1500,0.5158730158730158,0.5158730158730158,0.483957219251337,0.483957219251337
gigapath,29,20,0.4603174603174603,0.4444444444444444,0.4444444444444444,0.44502164502164504
gigapath,29,50,0.4603174603174603,0.4523809523809524,0.4444444444444444,0.4523809523809524
gigapath,29,100,0.4603174603174603,0.4126984126984126,0.4444444444444444,0.3844155844155844
gigapath,29,200,0.4603174603174603,0.4126984126984126,0.4444444444444444,0.3812409812409812
gigapath,29,500,0.4603174603174603,0.4126984126984126,0.4444444444444444,0.3811188811188811
gigapath,29,1000,0.4603174603174603,0.4603174603174603,0.4444444444444444,0.4444444444444444
gigapath,29,1500,0.4603174603174603,0.4603174603174603,0.4444444444444444,0.4444444444444444
gigapath,30,20,0.4682539682539682,0.4047619047619047,0.42962962962962964,0.40005827505827507
gigapath,30,50,0.4682539682539682,0.4047619047619047,0.42962962962962964,0.3761904761904762
gigapath,30,100,0.4682539682539682,0.30158730158730157,0.42962962962962964,0.28690476190476194
gigapath,30,200,0.4682539682539682,0.3650793650793651,0.42962962962962964,0.32609351432880845
gigapath,30,500,0.4682539682539682,0.3650793650793651,0.42962962962962964,0.32609351432880845
gigapath,30,1000,0.4682539682539682,0.42063492063492064,0.42962962962962964,0.3618233618233619
gigapath,30,1500,0.4682539682539682,0.4682539682539682,0.42962962962962964,0.42962962962962964
gigapath,31,20,0.5158730158730158,0.34920634920634913,0.483957219251337,0.35714285714285715
gigapath,31,50,0.5158730158730158,0.5079365079365079,0.483957219251337,0.5024531024531024
gigapath,31,100,0.5158730158730158,0.5079365079365079,0.483957219251337,0.4982905982905983
gigapath,31,200,0.5158730158730158,0.4603174603174603,0.483957219251337,0.44979203802733214
gigapath,31,500,0.5158730158730158,0.5158730158730158,0.483957219251337,0.483957219251337
gigapath,31,1000,0.5158730158730158,0.5158730158730158,0.483957219251337,0.483957219251337
gigapath,31,1500,0.5158730158730158,0.5158730158730158,0.483957219251337,0.483957219251337
gigapath,32,20,0.4603174603174603,0.3412698412698412,0.4511784511784511,0.34298163709928414
gigapath,32,50,0.4603174603174603,0.3412698412698412,0.4511784511784511,0.3444444444444444
gigapath,32,100,0.4603174603174603,0.4047619047619048,0.4511784511784511,0.42023809523809524
gigapath,32,200,0.4603174603174603,0.4047619047619048,0.4511784511784511,0.40938228438228436
gigapath,32,500,0.4603174603174603,0.34920634920634913,0.4511784511784511,0.3611111111111111
gigapath,32,1000,0.4603174603174603,0.4603174603174603,0.4511784511784511,0.4511784511784511
gigapath,32,1500,0.4603174603174603,0.4603174603174603,0.4511784511784511,0.4511784511784511
gigapath,33,20,0.6111111111111112,0.3412698412698412,0.595068330362448,0.3427350427350427
gigapath,33,50,0.6111111111111112,0.5,0.595068330362448,0.5079365079365079
gigapath,33,100,0.6111111111111112,0.5,0.595068330362448,0.49206349206349204
gigapath,33,200,0.6111111111111112,0.5,0.595068330362448,0.5008547008547009
gigapath,33,500,0.6111111111111112,0.5079365079365079,0.595068330362448,0.49999999999999994
gigapath,33,1000,0.6111111111111112,0.5555555555555555,0.595068330362448,0.5555555555555556
gigapath,33,1500,0.6111111111111112,0.6111111111111112,0.595068330362448,0.595068330362448
gigapath,34,20,0.5158730158730158,0.29365079365079366,0.4851851851851852,0.28690476190476194
gigapath,34,50,0.5158730158730158,0.4047619047619047,0.4851851851851852,0.3888888888888889
gigapath,34,100,0.5158730158730158,0.4047619047619047,0.4851851851851852,0.3871794871794872
gigapath,34,200,0.5158730158730158,0.5079365079365079,0.4851851851851852,0.494017094017094
gigapath,34,500,0.5158730158730158,0.5158730158730158,0.4851851851851852,0.483957219251337
gigapath,34,1000,0.5158730158730158,0.5158730158730158,0.4851851851851852,0.4851851851851852
gigapath,34,1500,0.5158730158730158,0.5158730158730158,0.4851851851851852,0.4851851851851852
gigapath,35,20,0.3095238095238095,0.3412698412698412,0.29235209235209236,0.35353535353535354
gigapath,35,50,0.3095238095238095,0.34920634920634913,0.29235209235209236,0.32861952861952864
gigapath,35,100,0.3095238095238095,0.25396825396825395,0.29235209235209236,0.24774354186118894
gigapath,35,200,0.3095238095238095,0.3095238095238095,0.29235209235209236,0.2888888888888889
gigapath,35,500,0.3095238095238095,0.3095238095238095,0.29235209235209236,0.29235209235209236
gigapath,35,1000,0.3095238095238095,0.35714285714285715,0.29235209235209236,0.34920634920634913
gigapath,35,1500,0.3095238095238095,0.3095238095238095,0.29235209235209236,0.29235209235209236
gigapath,36,20,0.4047619047619048,0.4444444444444444,0.40277777777777773,0.4444444444444444
gigapath,36,50,0.4047619047619048,0.3968253968253968,0.40277777777777773,0.420211161387632
gigapath,36,100,0.4047619047619048,0.36507936507936506,0.40277777777777773,0.34761904761904766
gigapath,36,200,0.4047619047619048,0.4126984126984126,0.40277777777777773,0.3888888888888889
gigapath,36,500,0.4047619047619048,0.35714285714285715,0.40277777777777773,0.34978354978354975
gigapath,36,1000,0.4047619047619048,0.4047619047619048,0.40277777777777773,0.40277777777777773
gigapath,36,1500,0.4047619047619048,0.4047619047619048,0.40277777777777773,0.40277777777777773
gigapath,37,20,0.35714285714285715,0.5,0.34722222222222227,0.5094017094017094
gigapath,37,50,0.35714285714285715,0.30158730158730157,0.34722222222222227,0.31075460487225187
gigapath,37,100,0.35714285714285715,0.24603174603174605,0.34722222222222227,0.27388167388167384
gigapath,37,200,0.35714285714285715,0.24603174603174605,0.34722222222222227,0.2527472527472528
gigapath,37,500,0.35714285714285715,0.35714285714285715,0.34722222222222227,0.34722222222222227
gigapath,37,1000,0.35714285714285715,0.35714285714285715,0.34722222222222227,0.33945221445221446
gigapath,37,1500,0.35714285714285715,0.35714285714285715,0.34722222222222227,0.34722222222222227
gigapath,38,20,0.4682539682539682,0.4523809523809524,0.42278554778554783,0.4523809523809524
gigapath,38,50,0.4682539682539682,0.4047619047619048,0.42278554778554783,0.39926739926739924
gigapath,38,100,0.4682539682539682,0.35714285714285715,0.42278554778554783,0.3553113553113553
gigapath,38,200,0.4682539682539682,0.30158730158730157,0.42278554778554783,0.30158730158730157
gigapath,38,500,0.4682539682539682,0.35714285714285715,0.42278554778554783,0.3553113553113553
gigapath,38,1000,0.4682539682539682,0.4126984126984126,0.42278554778554783,0.3871794871794872
gigapath,38,1500,0.4682539682539682,0.4682539682539682,0.42278554778554783,0.42278554778554783
gigapath,39,20,0.4603174603174603,0.23809523809523805,0.44979203802733214,0.2450980392156863
gigapath,39,50,0.4603174603174603,0.24603174603174602,0.44979203802733214,0.2512820512820513
gigapath,39,100,0.4603174603174603,0.35714285714285715,0.44979203802733214,0.3529581529581529
gigapath,39,200,0.4603174603174603,0.4603174603174603,0.44979203802733214,0.45483405483405476
gigapath,39,500,0.4603174603174603,0.4603174603174603,0.44979203802733214,0.45104895104895104
gigapath,39,1000,0.4603174603174603,0.4603174603174603,0.44979203802733214,0.44979203802733214
gigapath,39,1500,0.4603174603174603,0.4603174603174603,0.44979203802733214,0.44979203802733214
gigapath,40,20,0.4047619047619048,0.2857142857142857,0.40938228438228436,0.2591093117408907
gigapath,40,50,0.4047619047619048,0.29365079365079366,0.40938228438228436,0.2982905982905983
gigapath,40,100,0.4047619047619048,0.34920634920634913,0.40938228438228436,0.36594516594516585
gigapath,40,200,0.4047619047619048,0.34920634920634913,0.40938228438228436,0.36594516594516585
gigapath,40,500,0.4047619047619048,0.4047619047619048,0.40938228438228436,0.40938228438228436
gigapath,40,1000,0.4047619047619048,0.4047619047619048,0.40938228438228436,0.40938228438228436
gigapath,40,1500,0.4047619047619048,0.4047619047619048,0.40938228438228436,0.40938228438228436
gigapath,41,20,0.25396825396825395,0.25396825396825395,0.2261904761904762,0.24523809523809526
gigapath,41,50,0.25396825396825395,0.23809523809523805,0.2261904761904762,0.24273504273504276
gigapath,41,100,0.25396825396825395,0.29365079365079366,0.2261904761904762,0.30036630036630035
gigapath,41,200,0.25396825396825395,0.39682539682539675,0.2261904761904762,0.39145299145299145
gigapath,41,500,0.25396825396825395,0.34920634920634913,0.2261904761904762,0.33997113997114
gigapath,41,1000,0.25396825396825395,0.30158730158730157,0.2261904761904762,0.26666666666666666
gigapath,41,1500,0.25396825396825395,0.25396825396825395,0.2261904761904762,0.2261904761904762
gigapath,42,20,0.35714285714285715,0.39682539682539675,0.34722222222222227,0.3942279942279942
gigapath,42,50,0.35714285714285715,0.30952380952380953,0.34722222222222227,0.30036630036630035
gigapath,42,100,0.35714285714285715,0.30952380952380953,0.34722222222222227,0.2974941724941725
gigapath,42,200,0.35714285714285715,0.35714285714285715,0.34722222222222227,0.34722222222222227
gigapath,42,500,0.35714285714285715,0.35714285714285715,0.34722222222222227,0.34722222222222227
gigapath,42,1000,0.35714285714285715,0.35714285714285715,0.34722222222222227,0.34722222222222227
gigapath,42,1500,0.35714285714285715,0.35714285714285715,0.34722222222222227,0.34722222222222227
gigapath,43,20,0.5079365079365079,0.30158730158730157,0.494017094017094,0.30256410256410254
gigapath,43,50,0.5079365079365079,0.4603174603174603,0.494017094017094,0.45104895104895104
gigapath,43,100,0.5079365079365079,0.39682539682539675,0.494017094017094,0.41269841269841273
gigapath,43,200,0.5079365079365079,0.4523809523809524,0.494017094017094,0.4603174603174603
gigapath,43,500,0.5079365079365079,0.5079365079365079,0.494017094017094,0.49999999999999994
gigapath,43,1000,0.5079365079365079,0.5079365079365079,0.494017094017094,0.494017094017094
gigapath,43,1500,0.5079365079365079,0.5079365079365079,0.494017094017094,0.494017094017094
gigapath,44,20,0.34920634920634913,0.36507936507936506,0.3516483516483517,0.34761904761904766
gigapath,44,50,0.34920634920634913,0.34920634920634913,0.3516483516483517,0.35714285714285715
gigapath,44,100,0.34920634920634913,0.30158730158730157,0.3516483516483517,0.2982905982905983
gigapath,44,200,0.34920634920634913,0.30158730158730157,0.3516483516483517,0.2936507936507936
gigapath,44,500,0.34920634920634913,0.34920634920634913,0.3516483516483517,0.3516483516483517
gigapath,44,1000,0.34920634920634913,0.34920634920634913,0.3516483516483517,0.3516483516483517
gigapath,44,1500,0.34920634920634913,0.34920634920634913,0.3516483516483517,0.3516483516483517
gigapath,45,20,0.4603174603174603,0.41269841269841273,0.44172494172494176,0.39145299145299145
gigapath,45,50,0.4603174603174603,0.5,0.44172494172494176,0.5024531024531025
gigapath,45,100,0.4603174603174603,0.39682539682539675,0.44172494172494176,0.402930402930403
gigapath,45,200,0.4603174603174603,0.4603174603174603,0.44172494172494176,0.4444444444444444
gigapath,45,500,0.4603174603174603,0.4603174603174603,0.44172494172494176,0.4427350427350427
gigapath,45,1000,0.4603174603174603,0.4603174603174603,0.44172494172494176,0.44172494172494176
gigapath,45,1500,0.4603174603174603,0.4603174603174603,0.44172494172494176,0.44172494172494176
gigapath,46,20,0.4047619047619048,0.3412698412698412,0.40256410256410263,0.33945221445221446
gigapath,46,50,0.4047619047619048,0.4444444444444444,0.40256410256410263,0.4447415329768271
gigapath,46,100,0.4047619047619048,0.30158730158730157,0.40256410256410263,0.2982905982905983
gigapath,46,200,0.4047619047619048,0.30158730158730157,0.40256410256410263,0.2982905982905983
gigapath,46,500,0.4047619047619048,0.35714285714285715,0.40256410256410263,0.34722222222222227
gigapath,46,1000,0.4047619047619048,0.30158730158730157,0.40256410256410263,0.3068376068376068
gigapath,46,1500,0.4047619047619048,0.4047619047619048,0.40256410256410263,0.40256410256410263
gigapath,47,20,0.4682539682539682,0.4523809523809524,0.4161793372319688,0.4523809523809524
gigapath,47,50,0.4682539682539682,0.4603174603174603,0.4161793372319688,0.4523809523809524
gigapath,47,100,0.4682539682539682,0.4126984126984126,0.4161793372319688,0.3812409812409812
gigapath,47,200,0.4682539682539682,0.4126984126984126,0.4161793372319688,0.3811188811188811
gigapath,47,500,0.4682539682539682,0.4682539682539682,0.4161793372319688,0.4185185185185185
gigapath,47,1000,0.4682539682539682,0.4682539682539682,0.4161793372319688,0.4161793372319688
gigapath,47,1500,0.4682539682539682,0.4682539682539682,0.4161793372319688,0.4161793372319688
gigapath,48,20,0.5079365079365079,0.30158730158730157,0.4930069930069931,0.30402930402930406
gigapath,48,50,0.5079365079365079,0.4444444444444444,0.4930069930069931,0.4495726495726496
gigapath,48,100,0.5079365079365079,0.39682539682539675,0.4930069930069931,0.3956043956043956
gigapath,48,200,0.5079365079365079,0.5079365079365079,0.4930069930069931,0.494017094017094
gigapath,48,500,0.5079365079365079,0.5634920634920634,0.4930069930069931,0.5395127748068925
gigapath,48,1000,0.5079365079365079,0.5079365079365079,0.4930069930069931,0.4930069930069931
gigapath,48,1500,0.5079365079365079,0.4523809523809524,0.4930069930069931,0.44957264957264953
gigapath,49,20,0.4682539682539682,0.4523809523809524,0.41659125188536955,0.4523809523809524
gigapath,49,50,0.4682539682539682,0.14285714285714285,0.41659125188536955,0.1417797888386124
gigapath,49,100,0.4682539682539682,0.25396825396825395,0.41659125188536955,0.2581196581196581
gigapath,49,200,0.4682539682539682,0.31746031746031744,0.41659125188536955,0.2857142857142857
gigapath,49,500,0.4682539682539682,0.4682539682539682,0.41659125188536955,0.42278554778554783
gigapath,49,1000,0.4682539682539682,0.4682539682539682,0.41659125188536955,0.41659125188536955
gigapath,49,1500,0.4682539682539682,0.4682539682539682,0.41659125188536955,0.41659125188536955
gigapath,50,20,0.4047619047619048,0.19047619047619047,0.40277777777777773,0.19047619047619047
gigapath,50,50,0.4047619047619048,0.29365079365079366,0.40277777777777773,0.30683760683760686
gigapath,50,100,0.4047619047619048,0.38888888888888884,0.40277777777777773,0.38888888888888884
gigapath,50,200,0.4047619047619048,0.4523809523809524,0.40277777777777773,0.4581196581196581
gigapath,50,500,0.4047619047619048,0.4047619047619048,0.40277777777777773,0.40277777777777773
gigapath,50,1000,0.4047619047619048,0.4047619047619048,0.40277777777777773,0.40277777777777773
gigapath,50,1500,0.4047619047619048,0.4047619047619048,0.40277777777777773,0.40277777777777773
uni2,1,20,0.4523809523809524,0.3968253968253968,0.45054945054945056,0.39044289044289043
uni2,1,50,0.4523809523809524,0.5079365079365079,0.45054945054945056,0.5023310023310024
uni2,1,100,0.4523809523809524,0.5,0.45054945054945056,0.5018315018315018
uni2,1,200,0.4523809523809524,0.4523809523809524,0.45054945054945056,0.4444444444444444
uni2,1,500,0.4523809523809524,0.4047619047619048,0.45054945054945056,0.40256410256410263
uni2,1,1000,0.4523809523809524,0.4047619047619048,0.45054945054945056,0.41038961038961036
uni2,1,1500,0.4523809523809524,0.4523809523809524,0.45054945054945056,0.45054945054945056
uni2,2,20,0.5476190476190476,0.4047619047619048,0.5555555555555555,0.4047619047619048
uni2,2,50,0.5476190476190476,0.7063492063492064,0.5555555555555555,0.7027417027417027
uni2,2,100,0.5476190476190476,0.5476190476190476,0.5555555555555555,0.5538461538461538
uni2,2,200,0.5476190476190476,0.6031746031746031,0.5555555555555555,0.6106782106782106
uni2,2,500,0.5476190476190476,0.5476190476190476,0.5555555555555555,0.5555555555555555
uni2,2,1000,0.5476190476190476,0.5476190476190476,0.5555555555555555,0.5555555555555555
uni2,2,1500,0.5476190476190476,0.5476190476190476,0.5555555555555555,0.5555555555555555
uni2,3,20,0.5555555555555555,0.4603174603174603,0.5495726495726495,0.43846153846153846
uni2,3,50,0.5555555555555555,0.4603174603174603,0.5495726495726495,0.4444444444444444
uni2,3,100,0.5555555555555555,0.611111111111111,0.5495726495726495,0.594017094017094
uni2,3,200,0.5555555555555555,0.5079365079365079,0.5495726495726495,0.5
uni2,3,500,0.5555555555555555,0.5555555555555555,0.5495726495726495,0.5495726495726495
uni2,3,1000,0.5555555555555555,0.5555555555555555,0.5495726495726495,0.5495726495726495
uni2,3,1500,0.5555555555555555,0.5555555555555555,0.5495726495726495,0.5495726495726495
uni2,4,20,0.4444444444444444,0.4523809523809524,0.4447415329768271,0.44172494172494176
uni2,4,50,0.4444444444444444,0.49206349206349204,0.4447415329768271,0.49401709401709404
uni2,4,100,0.4444444444444444,0.49206349206349204,0.4447415329768271,0.4930069930069931
uni2,4,200,0.4444444444444444,0.5476190476190476,0.4447415329768271,0.5555555555555555
uni2,4,500,0.4444444444444444,0.4444444444444444,0.4447415329768271,0.4511784511784511
uni2,4,1000,0.4444444444444444,0.4444444444444444,0.4447415329768271,0.4447415329768271
uni2,4,1500,0.4444444444444444,0.4444444444444444,0.4447415329768271,0.4447415329768271
uni2,5,20,0.5,0.3412698412698412,0.5051282051282051,0.3333333333333333
uni2,5,50,0.5,0.4444444444444445,0.5051282051282051,0.4299840510366826
uni2,5,100,0.5,0.5476190476190476,0.5051282051282051,0.5536130536130536
uni2,5,200,0.5,0.5,0.5051282051282051,0.5051282051282051
uni2,5,500,0.5,0.4444444444444444,0.5051282051282051,0.4513403263403264
uni2,5,1000,0.5,0.5,0.5051282051282051,0.5051282051282051
uni2,5,1500,0.5,0.5,0.5051282051282051,0.5051282051282051
uni2,6,20,0.5555555555555556,0.4603174603174603,0.5494505494505494,0.44273504273504277
uni2,6,50,0.5555555555555556,0.5634920634920635,0.5494505494505494,0.5427350427350427
uni2,6,100,0.5555555555555556,0.5079365079365079,0.5494505494505494,0.5018315018315019
uni2,6,200,0.5555555555555556,0.5079365079365079,0.5494505494505494,0.5018315018315019
uni2,6,500,0.5555555555555556,0.5555555555555556,0.5494505494505494,0.5494505494505494
uni2,6,1000,0.5555555555555556,0.5555555555555556,0.5494505494505494,0.5494505494505494
uni2,6,1500,0.5555555555555556,0.5555555555555556,0.5494505494505494,0.5494505494505494
uni2,7,20,0.4523809523809524,0.34920634920634913,0.45054945054945056,0.3516483516483517
uni2,7,50,0.4523809523809524,0.4523809523809524,0.45054945054945056,0.45384615384615384
uni2,7,100,0.4523809523809524,0.5555555555555555,0.45054945054945056,0.5555555555555555
uni2,7,200,0.4523809523809524,0.5555555555555556,0.45054945054945056,0.5476190476190476
uni2,7,500,0.4523809523809524,0.4523809523809524,0.45054945054945056,0.45054945054945056
uni2,7,1000,0.4523809523809524,0.4523809523809524,0.45054945054945056,0.45054945054945056
uni2,7,1500,0.4523809523809524,0.4523809523809524,0.45054945054945056,0.45054945054945056
uni2,8,20,0.5079365079365079,0.4523809523809524,0.5018315018315019,0.45384615384615384
uni2,8,50,0.5079365079365079,0.6031746031746031,0.5018315018315019,0.6051282051282051
uni2,8,100,0.5079365079365079,0.5555555555555556,0.5018315018315019,0.5538461538461538
uni2,8,200,0.5079365079365079,0.5555555555555556,0.5018315018315019,0.5538461538461538
uni2,8,500,0.5079365079365079,0.6031746031746031,0.5018315018315019,0.594017094017094
uni2,8,1000,0.5079365079365079,0.5079365079365079,0.5018315018315019,0.5018315018315019
uni2,8,1500,0.5079365079365079,0.5079365079365079,0.5018315018315019,0.5018315018315019
uni2,9,20,0.6031746031746031,0.4523809523809524,0.5952380952380952,0.4447415329768271
uni2,9,50,0.6031746031746031,0.5555555555555556,0.5952380952380952,0.5476190476190476
uni2,9,100,0.6031746031746031,0.6587301587301587,0.5952380952380952,0.6527777777777777
uni2,9,200,0.6031746031746031,0.5555555555555556,0.5952380952380952,0.5495726495726495
uni2,9,500,0.6031746031746031,0.6031746031746031,0.5952380952380952,0.5952380952380952
uni2,9,1000,0.6031746031746031,0.5555555555555556,0.5952380952380952,0.5494505494505494
uni2,9,1500,0.6031746031746031,0.6031746031746031,0.5952380952380952,0.5952380952380952
uni2,10,20,0.4603174603174603,0.31746031746031744,0.44688644688644685,0.28034188034188035
uni2,10,50,0.4603174603174603,0.4523809523809524,0.44688644688644685,0.4444444444444444
uni2,10,100,0.4603174603174603,0.5555555555555556,0.44688644688644685,0.5476190476190476
uni2,10,200,0.4603174603174603,0.5634920634920635,0.44688644688644685,0.5457875457875457
uni2,10,500,0.4603174603174603,0.4603174603174603,0.44688644688644685,0.4542124542124542
uni2,10,1000,0.4603174603174603,0.4603174603174603,0.44688644688644685,0.44688644688644685
uni2,10,1500,0.4603174603174603,0.4603174603174603,0.44688644688644685,0.44688644688644685
uni2,11,20,0.611111111111111,0.31746031746031744,0.6007326007326007,0.2846153846153846
uni2,11,50,0.611111111111111,0.5,0.6007326007326007,0.5051282051282051
uni2,11,100,0.611111111111111,0.5555555555555556,0.6007326007326007,0.5495726495726495
uni2,11,200,0.611111111111111,0.5555555555555555,0.6007326007326007,0.5495726495726495
uni2,11,500,0.611111111111111,0.5555555555555555,0.6007326007326007,0.5538461538461538
uni2,11,1000,0.611111111111111,0.5555555555555555,0.6007326007326007,0.5538461538461538
uni2,11,1500,0.611111111111111,0.611111111111111,0.6007326007326007,0.6007326007326007
uni2,12,20,0.5,0.4047619047619048,0.5018315018315019,0.39926739926739924
uni2,12,50,0.5,0.5,0.5018315018315019,0.5024531024531024
uni2,12,100,0.5,0.4523809523809524,0.5018315018315019,0.45800865800865803
uni2,12,200,0.5,0.4523809523809524,0.5018315018315019,0.45384615384615384
uni2,12,500,0.5,0.5,0.5018315018315019,0.5018315018315019
uni2,12,1000,0.5,0.5,0.5018315018315019,0.5018315018315019
uni2,12,1500,0.5,0.5,0.5018315018315019,0.5018315018315019
uni2,13,20,0.4603174603174603,0.35714285714285715,0.45483405483405476,0.35384615384615387
uni2,13,50,0.4603174603174603,0.5079365079365079,0.45483405483405476,0.5
uni2,13,100,0.4603174603174603,0.4603174603174603,0.45483405483405476,0.447008547008547
uni2,13,200,0.4603174603174603,0.4603174603174603,0.45483405483405476,0.45483405483405476
uni2,13,500,0.4603174603174603,0.4603174603174603,0.45483405483405476,0.45483405483405476
uni2,13,1000,0.4603174603174603,0.4603174603174603,0.45483405483405476,0.45483405483405476
uni2,13,1500,0.4603174603174603,0.4603174603174603,0.45483405483405476,0.45483405483405476
uni2,14,20,0.5555555555555556,0.4523809523809524,0.5494505494505494,0.45054945054945056
uni2,14,50,0.5555555555555556,0.4920634920634921,0.5494505494505494,0.4839572192513369
uni2,14,100,0.5555555555555556,0.4523809523809524,0.5494505494505494,0.45384615384615384
uni2,14,200,0.5555555555555556,0.5,0.5494505494505494,0.5018315018315019
uni2,14,500,0.5555555555555556,0.5555555555555556,0.5494505494505494,0.5494505494505494
uni2,14,1000,0.5555555555555556,0.5555555555555556,0.5494505494505494,0.5494505494505494
uni2,14,1500,0.5555555555555556,0.5555555555555556,0.5494505494505494,0.5494505494505494
uni2,15,20,0.5079365079365079,0.24603174603174602,0.494017094017094,0.24700854700854702
uni2,15,50,0.5079365079365079,0.4047619047619048,0.494017094017094,0.39926739926739924
uni2,15,100,0.5079365079365079,0.5079365079365079,0.494017094017094,0.494017094017094
uni2,15,200,0.5079365079365079,0.5079365079365079,0.494017094017094,0.494017094017094
uni2,15,500,0.5079365079365079,0.5079365079365079,0.494017094017094,0.494017094017094
uni2,15,1000,0.5079365079365079,0.5079365079365079,0.494017094017094,0.494017094017094
uni2,15,1500,0.5079365079365079,0.5079365079365079,0.494017094017094,0.494017094017094
uni2,16,20,0.4523809523809524,0.34920634920634924,0.4523809523809524,0.3535714285714286
uni2,16,50,0.4523809523809524,0.30158730158730157,0.4523809523809524,0.29572649572649573
uni2,16,100,0.4523809523809524,0.5079365079365079,0.4523809523809524,0.5
uni2,16,200,0.4523809523809524,0.39682539682539675,0.4523809523809524,0.3942279942279942
uni2,16,500,0.4523809523809524,0.4523809523809524,0.4523809523809524,0.4523809523809524
uni2,16,1000,0.4523809523809524,0.4523809523809524,0.4523809523809524,0.4523809523809524
uni2,16,1500,0.4523809523809524,0.4523809523809524,0.4523809523809524,0.4523809523809524
uni2,17,20,0.5,0.30952380952380953,0.5018315018315019,0.30036630036630035
uni2,17,50,0.5,0.30158730158730157,0.5018315018315019,0.30256410256410254
uni2,17,100,0.5,0.39682539682539675,0.5018315018315019,0.39145299145299145
uni2,17,200,0.5,0.4444444444444444,0.5018315018315019,0.4468864468864469
uni2,17,500,0.5,0.5476190476190477,0.5018315018315019,0.5457875457875457
uni2,17,1000,0.5,0.5,0.5018315018315019,0.5018315018315019
uni2,17,1500,0.5,0.5,0.5018315018315019,0.5018315018315019
uni2,18,20,0.4523809523809524,0.34920634920634913,0.44688644688644685,0.32996632996632996
uni2,18,50,0.4523809523809524,0.5,0.44688644688644685,0.4982905982905983
uni2,18,100,0.4523809523809524,0.4523809523809524,0.44688644688644685,0.4444444444444444
uni2,18,200,0.4523809523809524,0.4523809523809524,0.44688644688644685,0.4444444444444444
uni2,18,500,0.4523809523809524,0.5476190476190476,0.44688644688644685,0.5495726495726495
uni2,18,1000,0.4523809523809524,0.4523809523809524,0.44688644688644685,0.44688644688644685
uni2,18,1500,0.4523809523809524,0.5,0.44688644688644685,0.5
uni2,19,20,0.5079365079365079,0.4444444444444444,0.5,0.4447415329768271
uni2,19,50,0.5079365079365079,0.4444444444444444,0.5,0.44172494172494176
uni2,19,100,0.5079365079365079,0.5555555555555556,0.5,0.5495726495726495
uni2,19,200,0.5079365079365079,0.5555555555555556,0.5,0.5495726495726495
uni2,19,500,0.5079365079365079,0.5555555555555556,0.5,0.5494505494505494
uni2,19,1000,0.5079365079365079,0.5079365079365079,0.5,0.5
uni2,19,1500,0.5079365079365079,0.5079365079365079,0.5,0.5
uni2,20,20,0.4603174603174603,0.25396825396825395,0.447008547008547,0.25772005772005774
uni2,20,50,0.4603174603174603,0.3968253968253968,0.447008547008547,0.39740259740259737
uni2,20,100,0.4603174603174603,0.5555555555555556,0.447008547008547,0.5494505494505494
uni2,20,200,0.4603174603174603,0.5555555555555556,0.447008547008547,0.5555555555555556
uni2,20,500,0.4603174603174603,0.5555555555555556,0.447008547008547,0.5494505494505494
uni2,20,1000,0.4603174603174603,0.4603174603174603,0.447008547008547,0.447008547008547
uni2,20,1500,0.4603174603174603,0.4603174603174603,0.447008547008547,0.447008547008547
uni2,21,20,0.5555555555555556,0.3412698412698412,0.5494505494505494,0.34432234432234426
uni2,21,50,0.5555555555555556,0.5476190476190476,0.5494505494505494,0.5531135531135531
uni2,21,100,0.5555555555555556,0.5,0.5494505494505494,0.5051282051282051
uni2,21,200,0.5555555555555556,0.5,0.5494505494505494,0.5
uni2,21,500,0.5555555555555556,0.5476190476190477,0.5494505494505494,0.5427350427350427
uni2,21,1000,0.5555555555555556,0.5079365079365079,0.5494505494505494,0.5
uni2,21,1500,0.5555555555555556,0.5555555555555556,0.5494505494505494,0.5494505494505494
uni2,22,20,0.5079365079365079,0.38888888888888884,0.5,0.38717948717948714
uni2,22,50,0.5079365079365079,0.4444444444444444,0.5,0.4444444444444444
uni2,22,100,0.5079365079365079,0.4523809523809524,0.5,0.4523809523809524
uni2,22,200,0.5079365079365079,0.4523809523809524,0.5,0.45054945054945056
uni2,22,500,0.5079365079365079,0.4603174603174603,0.5,0.447008547008547
uni2,22,1000,0.5079365079365079,0.5079365079365079,0.5,0.5
uni2,22,1500,0.5079365079365079,0.5079365079365079,0.5,0.5
uni2,23,20,0.5555555555555556,0.20634920634920637,0.5494505494505494,0.19572649572649573
uni2,23,50,0.5555555555555556,0.5555555555555556,0.5494505494505494,0.5495726495726495
uni2,23,100,0.5555555555555556,0.5634920634920635,0.5494505494505494,0.5427350427350427
uni2,23,200,0.5555555555555556,0.5555555555555556,0.5494505494505494,0.5494505494505494
uni2,23,500,0.5555555555555556,0.5079365079365079,0.5494505494505494,0.5
uni2,23,1000,0.5555555555555556,0.5555555555555556,0.5494505494505494,0.5494505494505494
uni2,23,1500,0.5555555555555556,0.5555555555555556,0.5494505494505494,0.5494505494505494
uni2,24,20,0.5634920634920635,0.35714285714285715,0.5457875457875457,0.3627705627705628
uni2,24,50,0.5634920634920635,0.4603174603174603,0.5457875457875457,0.45054945054945056
uni2,24,100,0.5634920634920635,0.6587301587301587,0.5457875457875457,0.6483516483516484
uni2,24,200,0.5634920634920635,0.611111111111111,0.5457875457875457,0.5952380952380952
uni2,24,500,0.5634920634920635,0.5634920634920635,0.5457875457875457,0.5457875457875457
uni2,24,1000,0.5634920634920635,0.5634920634920635,0.5457875457875457,0.5457875457875457
uni2,24,1500,0.5634920634920635,0.5634920634920635,0.5457875457875457,0.5457875457875457
uni2,25,20,0.5,0.34920634920634913,0.5018315018315019,0.34920634920634913
uni2,25,50,0.5,0.611111111111111,0.5018315018315019,0.594017094017094
uni2,25,100,0.5,0.5079365079365079,0.5018315018315019,0.5
uni2,25,200,0.5,0.5079365079365079,0.5018315018315019,0.49206349206349204
uni2,25,500,0.5,0.4523809523809524,0.5018315018315019,0.45384615384615384
uni2,25,1000,0.5,0.5,0.5018315018315019,0.5018315018315019
uni2,25,1500,0.5,0.5,0.5018315018315019,0.5018315018315019
uni2,26,20,0.5634920634920635,0.5079365079365079,0.5427350427350427,0.4981684981684982
uni2,26,50,0.5634920634920635,0.5555555555555555,0.5427350427350427,0.5495726495726495
uni2,26,100,0.5634920634920635,0.6031746031746031,0.5427350427350427,0.6007326007326007
uni2,26,200,0.5634920634920635,0.6587301587301587,0.5427350427350427,0.652014652014652
uni2,26,500,0.5634920634920635,0.6031746031746031,0.5427350427350427,0.6051282051282051
uni2,26,1000,0.5634920634920635,0.5634920634920635,0.5427350427350427,0.5427350427350427
uni2,26,1500,0.5634920634920635,0.5634920634920635,0.5427350427350427,0.5427350427350427
uni2,27,20,0.5158730158730158,0.38888888888888884,0.49206349206349204,0.37379396202925613
uni2,27,50,0.5158730158730158,0.5555555555555556,0.49206349206349204,0.5495726495726495
uni2,27,100,0.5158730158730158,0.6031746031746031,0.49206349206349204,0.6007326007326007
uni2,27,200,0.5158730158730158,0.5634920634920635,0.49206349206349204,0.5457875457875457
uni2,27,500,0.5158730158730158,0.5079365079365079,0.49206349206349204,0.5018315018315019
uni2,27,1000,0.5158730158730158,0.5634920634920635,0.49206349206349204,0.5457875457875457
uni2,27,1500,0.5158730158730158,0.5158730158730158,0.49206349206349204,0.49206349206349204
uni2,28,20,0.611111111111111,0.30158730158730157,0.6007326007326007,0.3055555555555555
uni2,28,50,0.611111111111111,0.5555555555555555,0.6007326007326007,0.5538461538461538
uni2,28,100,0.611111111111111,0.5,0.6007326007326007,0.5
uni2,28,200,0.611111111111111,0.5555555555555555,0.6007326007326007,0.5494505494505495
uni2,28,500,0.611111111111111,0.6587301587301587,0.6007326007326007,0.652014652014652
uni2,28,1000,0.611111111111111,0.5555555555555555,0.6007326007326007,0.5494505494505495
uni2,28,1500,0.611111111111111,0.611111111111111,0.6007326007326007,0.6007326007326007
uni2,29,20,0.6587301587301587,0.4047619047619047,0.6421356421356421,0.3982905982905984
uni2,29,50,0.6587301587301587,0.5476190476190476,0.6421356421356421,0.5494505494505495
uni2,29,100,0.6587301587301587,0.6507936507936508,0.6421356421356421,0.6495726495726495
uni2,29,200,0.6587301587301587,0.6031746031746031,0.6421356421356421,0.5945165945165946
uni2,29,500,0.6587301587301587,0.6587301587301587,0.6421356421356421,0.6421356421356421
uni2,29,1000,0.6587301587301587,0.6587301587301587,0.6421356421356421,0.6421356421356421
uni2,29,1500,0.6587301587301587,0.6587301587301587,0.6421356421356421,0.6421356421356421
uni2,30,20,0.5158730158730159,0.5079365079365079,0.4862914862914863,0.5103980986333928
uni2,30,50,0.5158730158730159,0.5555555555555555,0.4862914862914863,0.5494505494505495
uni2,30,100,0.5158730158730159,0.5079365079365079,0.4862914862914863,0.49206349206349204
uni2,30,200,0.5158730158730159,0.4603174603174603,0.4862914862914863,0.4444444444444444
uni2,30,500,0.5158730158730159,0.5158730158730159,0.4862914862914863,0.4862914862914863
uni2,30,1000,0.5158730158730159,0.5158730158730159,0.4862914862914863,0.4862914862914863
uni2,30,1500,0.5158730158730159,0.5158730158730159,0.4862914862914863,0.4862914862914863
uni2,31,20,0.4603174603174603,0.29365079365079366,0.44688644688644685,0.2888888888888889
uni2,31,50,0.4603174603174603,0.4047619047619047,0.44688644688644685,0.39926739926739924
uni2,31,100,0.4603174603174603,0.5,0.44688644688644685,0.4981684981684982
uni2,31,200,0.4603174603174603,0.5555555555555556,0.44688644688644685,0.5494505494505494
uni2,31,500,0.4603174603174603,0.5079365079365079,0.44688644688644685,0.5
uni2,31,1000,0.4603174603174603,0.5079365079365079,0.44688644688644685,0.5
uni2,31,1500,0.4603174603174603,0.4603174603174603,0.44688644688644685,0.44688644688644685
uni2,32,20,0.5555555555555556,0.30158730158730157,0.5495726495726495,0.30158730158730157
uni2,32,50,0.5555555555555556,0.34920634920634913,0.5495726495726495,0.34700854700854705
uni2,32,100,0.5555555555555556,0.5,0.5495726495726495,0.4981684981684982
uni2,32,200,0.5555555555555556,0.4523809523809524,0.5495726495726495,0.4427350427350427
uni2,32,500,0.5555555555555556,0.5,0.5495726495726495,0.5
uni2,32,1000,0.5555555555555556,0.5555555555555556,0.5495726495726495,0.5495726495726495
uni2,32,1500,0.5555555555555556,0.5555555555555556,0.5495726495726495,0.5495726495726495
uni2,33,20,0.4603174603174603,0.30158730158730157,0.4542124542124542,0.2881701631701632
uni2,33,50,0.4603174603174603,0.5555555555555555,0.4542124542124542,0.533910533910534
uni2,33,100,0.4603174603174603,0.5555555555555556,0.4542124542124542,0.5495726495726495
uni2,33,200,0.4603174603174603,0.5555555555555556,0.4542124542124542,0.5494505494505494
uni2,33,500,0.4603174603174603,0.5079365079365079,0.4542124542124542,0.5051282051282051
uni2,33,1000,0.4603174603174603,0.5079365079365079,0.4542124542124542,0.5051282051282051
uni2,33,1500,0.4603174603174603,0.4603174603174603,0.4542124542124542,0.4542124542124542
uni2,34,20,0.4523809523809524,0.3968253968253968,0.45384615384615384,0.39926739926739924
uni2,34,50,0.4523809523809524,0.4047619047619048,0.45384615384615384,0.39926739926739924
uni2,34,100,0.4523809523809524,0.5079365079365079,0.45384615384615384,0.4982905982905983
uni2,34,200,0.4523809523809524,0.5,0.45384615384615384,0.5018315018315019
uni2,34,500,0.4523809523809524,0.5476190476190477,0.45384615384615384,0.5457875457875457
uni2,34,1000,0.4523809523809524,0.4523809523809524,0.45384615384615384,0.45384615384615384
uni2,34,1500,0.4523809523809524,0.4523809523809524,0.45384615384615384,0.45384615384615384
uni2,35,20,0.34920634920634924,0.20634920634920637,0.35353535353535354,0.1984126984126984
uni2,35,50,0.34920634920634924,0.34920634920634913,0.35353535353535354,0.3285799168152109
uni2,35,100,0.34920634920634924,0.4523809523809524,0.35353535353535354,0.45104895104895104
uni2,35,200,0.34920634920634924,0.4047619047619047,0.35353535353535354,0.41111111111111115
uni2,35,500,0.34920634920634924,0.34920634920634924,0.35353535353535354,0.3598086124401914
uni2,35,1000,0.34920634920634924,0.34920634920634924,0.35353535353535354,0.35353535353535354
uni2,35,1500,0.34920634920634924,0.34920634920634924,0.35353535353535354,0.35353535353535354
uni2,36,20,0.5079365079365079,0.15079365079365079,0.494017094017094,0.15595238095238095
uni2,36,50,0.5079365079365079,0.4603174603174603,0.494017094017094,0.4513403263403264
uni2,36,100,0.5079365079365079,0.4523809523809524,0.494017094017094,0.45054945054945056
uni2,36,200,0.5079365079365079,0.6031746031746031,0.494017094017094,0.6007326007326007
uni2,36,500,0.5079365079365079,0.5079365079365079,0.494017094017094,0.49206349206349204
uni2,36,1000,0.5079365079365079,0.5079365079365079,0.494017094017094,0.494017094017094
uni2,36,1500,0.5079365079365079,0.5079365079365079,0.494017094017094,0.494017094017094
uni2,37,20,0.611111111111111,0.35714285714285715,0.594017094017094,0.3412698412698412
uni2,37,50,0.611111111111111,0.5634920634920635,0.594017094017094,0.5416666666666666
uni2,37,100,0.611111111111111,0.5555555555555556,0.594017094017094,0.5494505494505494
uni2,37,200,0.611111111111111,0.5079365079365079,0.594017094017094,0.5
uni2,37,500,0.611111111111111,0.5634920634920635,0.594017094017094,0.5416666666666666
uni2,37,1000,0.611111111111111,0.611111111111111,0.594017094017094,0.594017094017094
uni2,37,1500,0.611111111111111,0.611111111111111,0.594017094017094,0.594017094017094
uni2,38,20,0.4523809523809524,0.5158730158730159,0.44688644688644685,0.4862914862914863
uni2,38,50,0.4523809523809524,0.4444444444444444,0.44688644688644685,0.44184704184704177
uni2,38,100,0.4523809523809524,0.6587301587301587,0.44688644688644685,0.6483516483516484
uni2,38,200,0.4523809523809524,0.5,0.44688644688644685,0.4982905982905983
uni2,38,500,0.4523809523809524,0.5476190476190476,0.44688644688644685,0.5495726495726495
uni2,38,1000,0.4523809523809524,0.4523809523809524,0.44688644688644685,0.44688644688644685
uni2,38,1500,0.4523809523809524,0.5,0.44688644688644685,0.5
uni2,39,20,0.5634920634920635,0.34920634920634913,0.5427350427350427,0.3516483516483517
uni2,39,50,0.5634920634920635,0.4523809523809524,0.5427350427350427,0.45384615384615384
uni2,39,100,0.5634920634920635,0.611111111111111,0.5427350427350427,0.6012066365007542
uni2,39,200,0.5634920634920635,0.611111111111111,0.5427350427350427,0.594017094017094
uni2,39,500,0.5634920634920635,0.5555555555555556,0.5427350427350427,0.5494505494505494
uni2,39,1000,0.5634920634920635,0.5079365079365079,0.5427350427350427,0.5
uni2,39,1500,0.5634920634920635,0.5634920634920635,0.5427350427350427,0.5427350427350427
uni2,40,20,0.6031746031746031,0.30158730158730157,0.6007326007326007,0.2936507936507936
uni2,40,50,0.6031746031746031,0.611111111111111,0.6007326007326007,0.594017094017094
uni2,40,100,0.6031746031746031,0.6587301587301587,0.6007326007326007,0.6495726495726496
uni2,40,200,0.6031746031746031,0.6031746031746031,0.6007326007326007,0.6031746031746031
uni2,40,500,0.6031746031746031,0.5476190476190476,0.6007326007326007,0.5495726495726495
uni2,40,1000,0.6031746031746031,0.6031746031746031,0.6007326007326007,0.6007326007326007
uni2,40,1500,0.6031746031746031,0.6031746031746031,0.6007326007326007,0.6007326007326007
uni2,41,20,0.39682539682539675,0.19841269841269837,0.402930402930403,0.1978021978021978
uni2,41,50,0.39682539682539675,0.34920634920634913,0.402930402930403,0.34920634920634913
uni2,41,100,0.39682539682539675,0.39682539682539675,0.402930402930403,0.39145299145299145
uni2,41,200,0.39682539682539675,0.3412698412698412,0.402930402930403,0.3412698412698412
uni2,41,500,0.39682539682539675,0.3412698412698412,0.402930402930403,0.3412698412698412
uni2,41,1000,0.39682539682539675,0.4444444444444444,0.402930402930403,0.4495726495726496
uni2,41,1500,0.39682539682539675,0.39682539682539675,0.402930402930403,0.402930402930403
uni2,42,20,0.4523809523809524,0.25396825396825395,0.44688644688644685,0.24700854700854702
uni2,42,50,0.4523809523809524,0.4047619047619048,0.44688644688644685,0.39926739926739924
uni2,42,100,0.4523809523809524,0.6031746031746031,0.44688644688644685,0.6008547008547008
uni2,42,200,0.4523809523809524,0.4523809523809524,0.44688644688644685,0.42278554778554783
uni2,42,500,0.4523809523809524,0.5,0.44688644688644685,0.48717948717948717
uni2,42,1000,0.4523809523809524,0.4523809523809524,0.44688644688644685,0.44688644688644685
uni2,42,1500,0.4523809523809524,0.4523809523809524,0.44688644688644685,0.44688644688644685
uni2,43,20,0.5555555555555556,0.24603174603174602,0.5494505494505494,0.24700854700854702
uni2,43,50,0.5555555555555556,0.4523809523809524,0.5494505494505494,0.4427350427350427
uni2,43,100,0.5555555555555556,0.5555555555555556,0.5494505494505494,0.5494505494505494
uni2,43,200,0.5555555555555556,0.5,0.5494505494505494,0.4981684981684982
uni2,43,500,0.5555555555555556,0.5555555555555556,0.5494505494505494,0.5494505494505494
uni2,43,1000,0.5555555555555556,0.5555555555555556,0.5494505494505494,0.5494505494505494
uni2,43,1500,0.5555555555555556,0.5555555555555556,0.5494505494505494,0.5494505494505494
uni2,44,20,0.5,0.29365079365079366,0.5018315018315019,0.2888888888888889
uni2,44,50,0.5,0.3968253968253968,0.5018315018315019,0.3982905982905984
uni2,44,100,0.5,0.4444444444444444,0.5018315018315019,0.4444444444444444
uni2,44,200,0.5,0.4444444444444444,0.5018315018315019,0.4444444444444444
uni2,44,500,0.5,0.4444444444444444,0.5018315018315019,0.4444444444444444
uni2,44,1000,0.5,0.5,0.5018315018315019,0.5018315018315019
uni2,44,1500,0.5,0.5,0.5018315018315019,0.5018315018315019
uni2,45,20,0.5,0.34920634920634913,0.48717948717948717,0.34978354978354975
uni2,45,50,0.5,0.6507936507936508,0.48717948717948717,0.6495726495726495
uni2,45,100,0.5,0.6587301587301587,0.48717948717948717,0.6483516483516484
uni2,45,200,0.5,0.5634920634920634,0.48717948717948717,0.533910533910534
uni2,45,500,0.5,0.5555555555555555,0.48717948717948717,0.533910533910534
uni2,45,1000,0.5,0.5,0.48717948717948717,0.48717948717948717
uni2,45,1500,0.5,0.5,0.48717948717948717,0.48717948717948717
uni2,46,20,0.6031746031746031,0.30158730158730157,0.6007326007326007,0.3111111111111111
uni2,46,50,0.6031746031746031,0.5,0.6007326007326007,0.4982905982905983
uni2,46,100,0.6031746031746031,0.6031746031746031,0.6007326007326007,0.6007326007326007
uni2,46,200,0.6031746031746031,0.6031746031746031,0.6007326007326007,0.6007326007326007
uni2,46,500,0.6031746031746031,0.6031746031746031,0.6007326007326007,0.6007326007326007
uni2,46,1000,0.6031746031746031,0.6031746031746031,0.6007326007326007,0.6007326007326007
uni2,46,1500,0.6031746031746031,0.6031746031746031,0.6007326007326007,0.6007326007326007
uni2,47,20,0.5079365079365079,0.34920634920634913,0.5,0.35714285714285715
uni2,47,50,0.5079365079365079,0.4523809523809524,0.5,0.4427350427350427
uni2,47,100,0.5079365079365079,0.611111111111111,0.5,0.594017094017094
uni2,47,200,0.5079365079365079,0.5,0.5,0.5018315018315018
uni2,47,500,0.5079365079365079,0.5,0.5,0.5018315018315019
uni2,47,1000,0.5079365079365079,0.5079365079365079,0.5,0.5
uni2,47,1500,0.5079365079365079,0.5079365079365079,0.5,0.5
uni2,48,20,0.5,0.15079365079365079,0.5051282051282051,0.155377302436126
uni2,48,50,0.5,0.4444444444444444,0.5051282051282051,0.4495726495726496
uni2,48,100,0.5,0.5,0.5051282051282051,0.5018315018315019
uni2,48,200,0.5,0.5555555555555556,0.5051282051282051,0.5494505494505494
uni2,48,500,0.5,0.5,0.5051282051282051,0.5051282051282051
uni2,48,1000,0.5,0.5,0.5051282051282051,0.5051282051282051
uni2,48,1500,0.5,0.5,0.5051282051282051,0.5051282051282051
uni2,49,20,0.35714285714285715,0.4047619047619048,0.3479853479853479,0.40005827505827507
uni2,49,50,0.35714285714285715,0.41269841269841273,0.3479853479853479,0.3968253968253968
uni2,49,100,0.35714285714285715,0.30952380952380953,0.3479853479853479,0.26666666666666666
uni2,49,200,0.35714285714285715,0.4047619047619048,0.3479853479853479,0.4047619047619048
uni2,49,500,0.35714285714285715,0.4047619047619048,0.3479853479853479,0.4047619047619048
uni2,49,1000,0.35714285714285715,0.35714285714285715,0.3479853479853479,0.3479853479853479
uni2,49,1500,0.35714285714285715,0.35714285714285715,0.3479853479853479,0.3479853479853479
uni2,50,20,0.5079365079365079,0.4047619047619047,0.48946608946608955,0.39926739926739924
uni2,50,50,0.5079365079365079,0.4603174603174603,0.48946608946608955,0.4444444444444444
uni2,50,100,0.5079365079365079,0.5079365079365079,0.48946608946608955,0.48946608946608955
uni2,50,200,0.5079365079365079,0.5555555555555556,0.48946608946608955,0.5494505494505494
uni2,50,500,0.5079365079365079,0.5555555555555556,0.48946608946608955,0.5476190476190476
uni2,50,1000,0.5079365079365079,0.5555555555555556,0.48946608946608955,0.5476190476190476
uni2,50,1500,0.5079365079365079,0.5079365079365079,0.48946608946608955,0.48946608946608955
virchow2,1,20,0.3968253968253968,0.3095238095238095,0.402930402930403,0.2982905982905983
virchow2,1,50,0.3968253968253968,0.34920634920634913,0.402930402930403,0.3298368298368299
virchow2,1,100,0.3968253968253968,0.38888888888888884,0.402930402930403,0.37777777777777777
virchow2,1,200,0.3968253968253968,0.29365079365079366,0.402930402930403,0.30036630036630035
virchow2,1,500,0.3968253968253968,0.29365079365079366,0.402930402930403,0.28917748917748914
virchow2,1,1000,0.3968253968253968,0.29365079365079366,0.402930402930403,0.2967032967032967
virchow2,1,1500,0.3968253968253968,0.3968253968253968,0.402930402930403,0.402930402930403
virchow2,2,20,0.30158730158730157,0.19047619047619047,0.30952380952380953,0.22626262626262625
virchow2,2,50,0.30158730158730157,0.19047619047619047,0.30952380952380953,0.19047619047619047
virchow2,2,100,0.30158730158730157,0.24603174603174602,0.30952380952380953,0.2512820512820513
virchow2,2,200,0.30158730158730157,0.30158730158730157,0.30952380952380953,0.30158730158730157
virchow2,2,500,0.30158730158730157,0.34920634920634913,0.30952380952380953,0.35714285714285715
virchow2,2,1000,0.30158730158730157,0.34920634920634913,0.30952380952380953,0.3581196581196581
virchow2,2,1500,0.30158730158730157,0.30158730158730157,0.30952380952380953,0.30952380952380953
virchow2,3,20,0.5,0.34920634920634913,0.5,0.333630421865716
virchow2,3,50,0.5,0.34920634920634913,0.5,0.35714285714285715
virchow2,3,100,0.5,0.4523809523809524,0.5,0.4603174603174603
virchow2,3,200,0.5,0.5,0.5,0.5018315018315019
virchow2,3,500,0.5,0.4444444444444444,0.5,0.4513403263403264
virchow2,3,1000,0.5,0.4444444444444444,0.5,0.44502164502164504
virchow2,3,1500,0.5,0.4444444444444444,0.5,0.44502164502164504
virchow2,4,20,0.5,0.34920634920634924,0.5018315018315018,0.34997029114676176
virchow2,4,50,0.5,0.4523809523809524,0.5018315018315018,0.45054945054945056
virchow2,4,100,0.5,0.4523809523809524,0.5018315018315018,0.45054945054945056
virchow2,4,200,0.5,0.4523809523809524,0.5018315018315018,0.45054945054945056
virchow2,4,500,0.5,0.4523809523809524,0.5018315018315018,0.4523809523809524
virchow2,4,1000,0.5,0.4523809523809524,0.5018315018315018,0.4523809523809524
virchow2,4,1500,0.5,0.5,0.5018315018315018,0.5018315018315018
virchow2,5,20,0.38888888888888884,0.4920634920634921,0.3821428571428571,0.4862914862914863
virchow2,5,50,0.38888888888888884,0.3412698412698412,0.3821428571428571,0.32857142857142857
virchow2,5,100,0.38888888888888884,0.38888888888888884,0.3821428571428571,0.3894419306184012
virchow2,5,200,0.38888888888888884,0.38888888888888884,0.3821428571428571,0.40047534165181226
virchow2,5,500,0.38888888888888884,0.43650793650793646,0.3821428571428571,0.428657616892911
virchow2,5,1000,0.38888888888888884,0.38888888888888884,0.3821428571428571,0.3821428571428571
virchow2,5,1500,0.38888888888888884,0.38888888888888884,0.3821428571428571,0.3821428571428571
virchow2,6,20,0.4523809523809524,0.38888888888888884,0.4523809523809524,0.3761904761904762
virchow2,6,50,0.4523809523809524,0.4444444444444444,0.4523809523809524,0.4418470418470419
virchow2,6,100,0.4523809523809524,0.3968253968253968,0.4523809523809524,0.3968253968253968
virchow2,6,200,0.4523809523809524,0.3968253968253968,0.4523809523809524,0.3968253968253968
virchow2,6,500,0.4523809523809524,0.3968253968253968,0.4523809523809524,0.40256410256410263
virchow2,6,1000,0.4523809523809524,0.4523809523809524,0.4523809523809524,0.45054945054945056
virchow2,6,1500,0.4523809523809524,0.4523809523809524,0.4523809523809524,0.4523809523809524
virchow2,7,20,0.4047619047619048,0.3968253968253968,0.40938228438228436,0.39926739926739924
virchow2,7,50,0.4047619047619048,0.4047619047619048,0.40938228438228436,0.39829059829059826
virchow2,7,100,0.4047619047619048,0.35714285714285715,0.40938228438228436,0.34722222222222227
virchow2,7,200,0.4047619047619048,0.4523809523809524,0.40938228438228436,0.45384615384615384
virchow2,7,500,0.4047619047619048,0.4523809523809524,0.40938228438228436,0.458008658008658
virchow2,7,1000,0.4047619047619048,0.4047619047619048,0.40938228438228436,0.40938228438228436
virchow2,7,1500,0.4047619047619048,0.4047619047619048,0.40938228438228436,0.40938228438228436
virchow2,8,20,0.5,0.3968253968253968,0.5,0.40938228438228436
virchow2,8,50,0.5,0.5634920634920635,0.5,0.5416666666666666
virchow2,8,100,0.5,0.4603174603174603,0.5,0.4444444444444444
virchow2,8,200,0.5,0.4523809523809524,0.5,0.45384615384615384
virchow2,8,500,0.5,0.5,0.5,0.5051282051282051
virchow2,8,1000,0.5,0.5,0.5,0.5
virchow2,8,1500,0.5,0.4523809523809524,0.5,0.45384615384615384
virchow2,9,20,0.6031746031746031,0.5555555555555556,0.6007326007326007,0.5538461538461538
virchow2,9,50,0.6031746031746031,0.5079365079365079,0.6007326007326007,0.5
virchow2,9,100,0.6031746031746031,0.5079365079365079,0.6007326007326007,0.48946608946608944
virchow2,9,200,0.6031746031746031,0.5,0.6007326007326007,0.5023310023310024
virchow2,9,500,0.6031746031746031,0.5555555555555555,0.6007326007326007,0.5476190476190476
virchow2,9,1000,0.6031746031746031,0.6031746031746031,0.6007326007326007,0.6007326007326007
virchow2,9,1500,0.6031746031746031,0.6031746031746031,0.6007326007326007,0.6007326007326007
virchow2,10,20,0.34920634920634913,0.4047619047619048,0.35384615384615387,0.40277777777777773
virchow2,10,50,0.34920634920634913,0.24603174603174605,0.35384615384615387,0.2527472527472528
virchow2,10,100,0.34920634920634913,0.30158730158730157,0.35384615384615387,0.29235209235209236
virchow2,10,200,0.34920634920634913,0.30158730158730157,0.35384615384615387,0.2982905982905983
virchow2,10,500,0.34920634920634913,0.30158730158730157,0.35384615384615387,0.29235209235209236
virchow2,10,1000,0.34920634920634913,0.30158730158730157,0.35384615384615387,0.29235209235209236
virchow2,10,1500,0.34920634920634913,0.30158730158730157,0.35384615384615387,0.29235209235209236
virchow2,11,20,0.4047619047619048,0.4523809523809524,0.40119047619047626,0.4444444444444444
virchow2,11,50,0.4047619047619048,0.5079365079365079,0.40119047619047626,0.5
virchow2,11,100,0.4047619047619048,0.3968253968253968,0.40119047619047626,0.3982905982905984
virchow2,11,200,0.4047619047619048,0.34920634920634913,0.40119047619047626,0.3516483516483517
virchow2,11,500,0.4047619047619048,0.34920634920634913,0.40119047619047626,0.35384615384615387
virchow2,11,1000,0.4047619047619048,0.34920634920634913,0.40119047619047626,0.35384615384615387
virchow2,11,1500,0.4047619047619048,0.34920634920634913,0.40119047619047626,0.3529581529581529
virchow2,12,20,0.5,0.24603174603174605,0.5056277056277056,0.24444444444444446
virchow2,12,50,0.5,0.49206349206349204,0.5056277056277056,0.4954870837223779
virchow2,12,100,0.5,0.29365079365079366,0.5056277056277056,0.2809523809523809
virchow2,12,200,0.5,0.39682539682539675,0.5056277056277056,0.3942279942279942
virchow2,12,500,0.5,0.4444444444444444,0.5056277056277056,0.45092592592592595
virchow2,12,1000,0.5,0.5,0.5056277056277056,0.5111111111111111
virchow2,12,1500,0.5,0.5,0.5056277056277056,0.5111111111111111
virchow2,13,20,0.4603174603174603,0.4523809523809524,0.44184704184704177,0.45054945054945056
virchow2,13,50,0.4603174603174603,0.30158730158730157,0.44184704184704177,0.2967032967032967
virchow2,13,100,0.4603174603174603,0.4126984126984126,0.44184704184704177,0.3811188811188811
virchow2,13,200,0.4603174603174603,0.4523809523809524,0.44184704184704177,0.4513403263403264
virchow2,13,500,0.4603174603174603,0.4047619047619048,0.44184704184704177,0.39740259740259737
virchow2,13,1000,0.4603174603174603,0.4047619047619048,0.44184704184704177,0.3968253968253968
virchow2,13,1500,0.4603174603174603,0.4047619047619048,0.44184704184704177,0.3968253968253968
virchow2,14,20,0.5,0.34920634920634924,0.5018315018315018,0.34700854700854694
virchow2,14,50,0.5,0.3412698412698412,0.5018315018315018,0.3479853479853479
virchow2,14,100,0.5,0.3968253968253968,0.5018315018315018,0.402930402930403
virchow2,14,200,0.5,0.4047619047619048,0.5018315018315018,0.40005827505827507
virchow2,14,500,0.5,0.4047619047619048,0.5018315018315018,0.40119047619047626
virchow2,14,1000,0.5,0.5,0.5018315018315018,0.5018315018315018
virchow2,14,1500,0.5,0.5,0.5018315018315018,0.5018315018315018
virchow2,15,20,0.5,0.4920634920634921,0.5018315018315018,0.4862914862914863
virchow2,15,50,0.5,0.39682539682539675,0.5018315018315018,0.39145299145299145
virchow2,15,100,0.5,0.34920634920634913,0.5018315018315018,0.3553113553113553
virchow2,15,200,0.5,0.4444444444444444,0.5018315018315018,0.4444444444444444
virchow2,15,500,0.5,0.4523809523809524,0.5018315018315018,0.45833333333333326
virchow2,15,1000,0.5,0.4523809523809524,0.5018315018315018,0.44957264957264953
virchow2,15,1500,0.5,0.4523809523809524,0.5018315018315018,0.44957264957264953
virchow2,16,20,0.34920634920634913,0.3412698412698412,0.34920634920634913,0.3495726495726496
virchow2,16,50,0.34920634920634913,0.4047619047619047,0.34920634920634913,0.3997668997668997
virchow2,16,100,0.34920634920634913,0.34920634920634913,0.34920634920634913,0.35555555555555557
virchow2,16,200,0.34920634920634913,0.30158730158730157,0.34920634920634913,0.3194444444444444
virchow2,16,500,0.34920634920634913,0.24603174603174605,0.34920634920634913,0.2664884135472371
virchow2,16,1000,0.34920634920634913,0.24603174603174605,0.34920634920634913,0.2511904761904762
virchow2,16,1500,0.34920634920634913,0.34920634920634913,0.34920634920634913,0.34920634920634913
virchow2,17,20,0.4523809523809524,0.3412698412698412,0.45384615384615384,0.3427350427350427
virchow2,17,50,0.4523809523809524,0.34920634920634913,0.45384615384615384,0.35384615384615387
virchow2,17,100,0.4523809523809524,0.30158730158730157,0.45384615384615384,0.29235209235209236
virchow2,17,200,0.4523809523809524,0.38888888888888884,0.45384615384615384,0.38717948717948714
virchow2,17,500,0.4523809523809524,0.4444444444444444,0.45384615384615384,0.4468864468864469
virchow2,17,1000,0.4523809523809524,0.4444444444444444,0.45384615384615384,0.4468864468864469
virchow2,17,1500,0.4523809523809524,0.3968253968253968,0.45384615384615384,0.402930402930403
virchow2,18,20,0.5555555555555556,0.39682539682539675,0.5555555555555556,0.39044289044289043
virchow2,18,50,0.5555555555555556,0.39682539682539675,0.5555555555555556,0.39145299145299145
virchow2,18,100,0.5555555555555556,0.5,0.5555555555555556,0.5094017094017094
virchow2,18,200,0.5555555555555556,0.5,0.5555555555555556,0.5018315018315019
virchow2,18,500,0.5555555555555556,0.5,0.5555555555555556,0.5018315018315019
virchow2,18,1000,0.5555555555555556,0.5555555555555556,0.5555555555555556,0.5555555555555556
virchow2,18,1500,0.5555555555555556,0.5555555555555556,0.5555555555555556,0.5555555555555556
virchow2,19,20,0.5,0.4444444444444444,0.5018315018315018,0.44502164502164504
virchow2,19,50,0.5,0.34920634920634913,0.5018315018315018,0.33997113997114
virchow2,19,100,0.5,0.34920634920634913,0.5018315018315018,0.3516483516483517
virchow2,19,200,0.5,0.4444444444444444,0.5018315018315018,0.4542124542124542
virchow2,19,500,0.5,0.3968253968253968,0.5018315018315018,0.40256410256410263
virchow2,19,1000,0.5,0.5,0.5018315018315018,0.5018315018315018
virchow2,19,1500,0.5,0.5,0.5018315018315018,0.5018315018315018
virchow2,20,20,0.4523809523809524,0.29365079365079366,0.4523809523809524,0.2944147355912062
virchow2,20,50,0.4523809523809524,0.5,0.4523809523809524,0.5056277056277056
virchow2,20,100,0.4523809523809524,0.4523809523809524,0.4523809523809524,0.45800865800865803
virchow2,20,200,0.4523809523809524,0.4523809523809524,0.4523809523809524,0.4523809523809524
virchow2,20,500,0.4523809523809524,0.3968253968253968,0.4523809523809524,0.39926739926739924
virchow2,20,1000,0.4523809523809524,0.4523809523809524,0.4523809523809524,0.4523809523809524
virchow2,20,1500,0.4523809523809524,0.4523809523809524,0.4523809523809524,0.4523809523809524
virchow2,21,20,0.4047619047619048,0.30158730158730157,0.40005827505827507,0.25071225071225073
virchow2,21,50,0.4047619047619048,0.4047619047619048,0.40005827505827507,0.39926739926739924
virchow2,21,100,0.4047619047619048,0.34920634920634913,0.40005827505827507,0.3516483516483517
virchow2,21,200,0.4047619047619048,0.34920634920634913,0.40005827505827507,0.3581196581196581
virchow2,21,500,0.4047619047619048,0.4047619047619048,0.40005827505827507,0.40552584670231734
virchow2,21,1000,0.4047619047619048,0.35714285714285715,0.40005827505827507,0.3381598793363499
virchow2,21,1500,0.4047619047619048,0.4047619047619048,0.40005827505827507,0.40005827505827507
virchow2,22,20,0.34920634920634913,0.3968253968253968,0.3516483516483517,0.40005827505827507
virchow2,22,50,0.34920634920634913,0.4047619047619048,0.3516483516483517,0.39926739926739924
virchow2,22,100,0.34920634920634913,0.35714285714285715,0.3516483516483517,0.3412698412698412
virchow2,22,200,0.34920634920634913,0.4047619047619048,0.3516483516483517,0.40552584670231734
virchow2,22,500,0.34920634920634913,0.34920634920634913,0.3516483516483517,0.3581196581196581
virchow2,22,1000,0.34920634920634913,0.34920634920634913,0.3516483516483517,0.35384615384615387
virchow2,22,1500,0.34920634920634913,0.34920634920634913,0.3516483516483517,0.3516483516483517
virchow2,23,20,0.4603174603174603,0.30158730158730157,0.4427350427350427,0.3071095571095571
virchow2,23,50,0.4603174603174603,0.30158730158730157,0.4427350427350427,0.29572649572649573
virchow2,23,100,0.4603174603174603,0.35714285714285715,0.4427350427350427,0.3367965367965368
virchow2,23,200,0.4603174603174603,0.35714285714285715,0.4427350427350427,0.3367965367965368
virchow2,23,500,0.4603174603174603,0.35714285714285715,0.4427350427350427,0.3367965367965368
virchow2,23,1000,0.4603174603174603,0.4603174603174603,0.4427350427350427,0.4427350427350427
virchow2,23,1500,0.4603174603174603,0.4603174603174603,0.4427350427350427,0.4427350427350427
virchow2,24,20,0.4603174603174603,0.35714285714285715,0.44502164502164504,0.3479853479853479
virchow2,24,50,0.4603174603174603,0.34920634920634913,0.44502164502164504,0.34700854700854705
virchow2,24,100,0.4603174603174603,0.4047619047619048,0.44502164502164504,0.39740259740259737
virchow2,24,200,0.4603174603174603,0.4047619047619048,0.44502164502164504,0.39829059829059826
virchow2,24,500,0.4603174603174603,0.4047619047619048,0.44502164502164504,0.39829059829059826
virchow2,24,1000,0.4603174603174603,0.4047619047619048,0.44502164502164504,0.39829059829059826
virchow2,24,1500,0.4603174603174603,0.4603174603174603,0.44502164502164504,0.44502164502164504
virchow2,25,20,0.4523809523809524,0.30158730158730157,0.45384615384615384,0.2891774891774892
virchow2,25,50,0.4523809523809524,0.34920634920634913,0.45384615384615384,0.34700854700854705
virchow2,25,100,0.4523809523809524,0.4444444444444444,0.45384615384615384,0.44700854700854703
virchow2,25,200,0.4523809523809524,0.3968253968253968,0.45384615384615384,0.4047619047619047
virchow2,25,500,0.4523809523809524,0.4047619047619048,0.45384615384615384,0.39829059829059826
virchow2,25,1000,0.4523809523809524,0.4047619047619048,0.45384615384615384,0.39829059829059826
virchow2,25,1500,0.4523809523809524,0.4523809523809524,0.45384615384615384,0.45384615384615384
virchow2,26,20,0.4603174603174603,0.4603174603174603,0.44172494172494176,0.4447415329768271
virchow2,26,50,0.4603174603174603,0.4444444444444444,0.44172494172494176,0.45054945054945056
virchow2,26,100,0.4603174603174603,0.5079365079365079,0.44172494172494176,0.4904761904761905
virchow2,26,200,0.4603174603174603,0.4047619047619048,0.44172494172494176,0.39829059829059826
virchow2,26,500,0.4603174603174603,0.4047619047619048,0.44172494172494176,0.39829059829059826
virchow2,26,1000,0.4603174603174603,0.4047619047619048,0.44172494172494176,0.39829059829059826
virchow2,26,1500,0.4603174603174603,0.4047619047619048,0.44172494172494176,0.40005827505827507
virchow2,27,20,0.4047619047619048,0.34920634920634913,0.39829059829059826,0.33589743589743587
virchow2,27,50,0.4047619047619048,0.34920634920634913,0.39829059829059826,0.3516483516483517
virchow2,27,100,0.4047619047619048,0.4047619047619048,0.39829059829059826,0.39926739926739924
virchow2,27,200,0.4047619047619048,0.4523809523809524,0.39829059829059826,0.45054945054945056
virchow2,27,500,0.4047619047619048,0.4047619047619048,0.39829059829059826,0.39829059829059826
virchow2,27,1000,0.4047619047619048,0.4047619047619048,0.39829059829059826,0.39829059829059826
virchow2,27,1500,0.4047619047619048,0.4047619047619048,0.39829059829059826,0.39829059829059826
virchow2,28,20,0.30158730158730157,0.24603174603174602,0.30158730158730157,0.25396825396825395
virchow2,28,50,0.30158730158730157,0.30158730158730157,0.30158730158730157,0.30158730158730157
virchow2,28,100,0.30158730158730157,0.34920634920634913,0.30158730158730157,0.347985347985348
virchow2,28,200,0.30158730158730157,0.34920634920634913,0.30158730158730157,0.34700854700854705
virchow2,28,500,0.30158730158730157,0.3968253968253968,0.30158730158730157,0.3982905982905984
virchow2,28,1000,0.30158730158730157,0.34920634920634913,0.30158730158730157,0.3529581529581529
virchow2,28,1500,0.30158730158730157,0.30158730158730157,0.30158730158730157,0.30158730158730157
virchow2,29,20,0.5555555555555555,0.3968253968253968,0.5555555555555555,0.40005827505827507
virchow2,29,50,0.5555555555555555,0.4047619047619048,0.5555555555555555,0.40938228438228436
virchow2,29,100,0.5555555555555555,0.4603174603174603,0.5555555555555555,0.44502164502164504
virchow2,29,200,0.5555555555555555,0.4126984126984126,0.5555555555555555,0.37407407407407406
virchow2,29,500,0.5555555555555555,0.4603174603174603,0.5555555555555555,0.4428571428571429
virchow2,29,1000,0.5555555555555555,0.5079365079365079,0.5555555555555555,0.5024531024531024
virchow2,29,1500,0.5555555555555555,0.5555555555555555,0.5555555555555555,0.5555555555555555
virchow2,30,20,0.4523809523809524,0.5,0.45384615384615384,0.4986425339366516
virchow2,30,50,0.4523809523809524,0.3095238095238095,0.45384615384615384,0.30683760683760686
virchow2,30,100,0.4523809523809524,0.30158730158730157,0.45384615384615384,0.30851370851370846
virchow2,30,200,0.4523809523809524,0.35714285714285715,0.45384615384615384,0.3512820512820513
virchow2,30,500,0.4523809523809524,0.4523809523809524,0.45384615384615384,0.45384615384615384
virchow2,30,1000,0.4523809523809524,0.4523809523809524,0.45384615384615384,0.4523809523809524
virchow2,30,1500,0.4523809523809524,0.4523809523809524,0.45384615384615384,0.45384615384615384
virchow2,31,20,0.611111111111111,0.38888888888888884,0.5972222222222222,0.3814814814814815
virchow2,31,50,0.611111111111111,0.34920634920634913,0.5972222222222222,0.36594516594516596
virchow2,31,100,0.611111111111111,0.4523809523809524,0.5972222222222222,0.45054945054945056
virchow2,31,200,0.611111111111111,0.5,0.5972222222222222,0.4982905982905983
virchow2,31,500,0.611111111111111,0.5555555555555555,0.5972222222222222,0.5494505494505494
virchow2,31,1000,0.611111111111111,0.5555555555555555,0.5972222222222222,0.5495726495726495
virchow2,31,1500,0.611111111111111,0.5555555555555555,0.5972222222222222,0.5495726495726495
virchow2,32,20,0.5,0.4047619047619048,0.5018315018315018,0.39926739926739924
virchow2,32,50,0.5,0.4523809523809524,0.5018315018315018,0.45054945054945056
virchow2,32,100,0.5,0.4523809523809524,0.5018315018315018,0.458008658008658
virchow2,32,200,0.5,0.5,0.5018315018315018,0.5024531024531025
virchow2,32,500,0.5,0.5,0.5018315018315018,0.5
virchow2,32,1000,0.5,0.5,0.5018315018315018,0.5
virchow2,32,1500,0.5,0.5,0.5018315018315018,0.5
virchow2,33,20,0.5952380952380952,0.38888888888888884,0.5976911976911977,0.38759018759018754
virchow2,33,50,0.5952380952380952,0.4523809523809524,0.5976911976911977,0.4444444444444444
virchow2,33,100,0.5952380952380952,0.5,0.5976911976911977,0.5018315018315019
virchow2,33,200,0.5952380952380952,0.5476190476190476,0.5976911976911977,0.5555555555555555
virchow2,33,500,0.5952380952380952,0.5476190476190476,0.5976911976911977,0.5495726495726495
virchow2,33,1000,0.5952380952380952,0.5476190476190476,0.5976911976911977,0.5495726495726495
virchow2,33,1500,0.5952380952380952,0.5952380952380952,0.5976911976911977,0.5976911976911977
virchow2,34,20,0.38888888888888884,0.30158730158730157,0.3957264957264957,0.2868778280542987
virchow2,34,50,0.38888888888888884,0.29365079365079366,0.3957264957264957,0.2974941724941725
virchow2,34,100,0.38888888888888884,0.3968253968253968,0.3957264957264957,0.40940170940170945
virchow2,34,200,0.38888888888888884,0.4444444444444444,0.3957264957264957,0.4523809523809524
virchow2,34,500,0.38888888888888884,0.38888888888888884,0.3957264957264957,0.3957264957264957
virchow2,34,1000,0.38888888888888884,0.3412698412698412,0.3957264957264957,0.35714285714285715
virchow2,34,1500,0.38888888888888884,0.38888888888888884,0.3957264957264957,0.3957264957264957
virchow2,35,20,0.4047619047619047,0.3412698412698412,0.40256410256410263,0.3367965367965368
virchow2,35,50,0.4047619047619047,0.30158730158730157,0.40256410256410263,0.2868778280542987
virchow2,35,100,0.4047619047619047,0.34920634920634913,0.40256410256410263,0.3259259259259259
virchow2,35,200,0.4047619047619047,0.30158730158730157,0.40256410256410263,0.2944147355912062
virchow2,35,500,0.4047619047619047,0.30158730158730157,0.40256410256410263,0.2944147355912062
virchow2,35,1000,0.4047619047619047,0.34920634920634924,0.40256410256410263,0.34877622377622375
virchow2,35,1500,0.4047619047619047,0.4047619047619047,0.40256410256410263,0.40256410256410263
virchow2,36,20,0.34920634920634913,0.35714285714285715,0.34700854700854705,0.34722222222222215
virchow2,36,50,0.34920634920634913,0.3968253968253968,0.34700854700854705,0.40277777777777773
virchow2,36,100,0.34920634920634913,0.34920634920634913,0.34700854700854705,0.34978354978354975
virchow2,36,200,0.34920634920634913,0.4047619047619048,0.34700854700854705,0.39926739926739924
virchow2,36,500,0.34920634920634913,0.34920634920634913,0.34700854700854705,0.34700854700854705
virchow2,36,1000,0.34920634920634913,0.34920634920634913,0.34700854700854705,0.34700854700854705
virchow2,36,1500,0.34920634920634913,0.34920634920634913,0.34700854700854705,0.34700854700854705
virchow2,37,20,0.35714285714285715,0.34920634920634913,0.33945221445221446,0.3677156177156177
virchow2,37,50,0.35714285714285715,0.35714285714285715,0.33945221445221446,0.3381598793363499
virchow2,37,100,0.35714285714285715,0.4523809523809524,0.33945221445221446,0.45610859728506786
virchow2,37,200,0.35714285714285715,0.35714285714285715,0.33945221445221446,0.33945221445221446
virchow2,37,500,0.35714285714285715,0.34920634920634913,0.33945221445221446,0.3581196581196581
virchow2,37,1000,0.35714285714285715,0.4047619047619048,0.33945221445221446,0.40277777777777773
virchow2,37,1500,0.35714285714285715,0.35714285714285715,0.33945221445221446,0.33945221445221446
virchow2,38,20,0.35714285714285715,0.34920634920634913,0.3367965367965368,0.35384615384615387
virchow2,38,50,0.35714285714285715,0.34920634920634913,0.3367965367965368,0.3529581529581529
virchow2,38,100,0.35714285714285715,0.34920634920634913,0.3367965367965368,0.3516483516483517
virchow2,38,200,0.35714285714285715,0.29365079365079366,0.3367965367965368,0.29235209235209236
virchow2,38,500,0.35714285714285715,0.30158730158730157,0.3367965367965368,0.2891774891774892
virchow2,38,1000,0.35714285714285715,0.35714285714285715,0.3367965367965368,0.3367965367965368
virchow2,38,1500,0.35714285714285715,0.30158730158730157,0.3367965367965368,0.2914529914529915
virchow2,39,20,0.5079365079365079,0.35714285714285715,0.5,0.3479853479853479
virchow2,39,50,0.5079365079365079,0.4523809523809524,0.5,0.4444444444444444
virchow2,39,100,0.5079365079365079,0.5,0.5,0.4982905982905983
virchow2,39,200,0.5079365079365079,0.4523809523809524,0.5,0.4523809523809524
virchow2,39,500,0.5079365079365079,0.4523809523809524,0.5,0.45054945054945056
virchow2,39,1000,0.5079365079365079,0.5079365079365079,0.5,0.5
virchow2,39,1500,0.5079365079365079,0.5079365079365079,0.5,0.5
virchow2,40,20,0.5079365079365079,0.34920634920634913,0.49206349206349204,0.32609351432880845
virchow2,40,50,0.5079365079365079,0.35714285714285715,0.49206349206349204,0.3367965367965368
virchow2,40,100,0.5079365079365079,0.35714285714285715,0.49206349206349204,0.3345238095238095
virchow2,40,200,0.5079365079365079,0.4603174603174603,0.49206349206349204,0.44172494172494176
virchow2,40,500,0.5079365079365079,0.4047619047619048,0.49206349206349204,0.3968253968253968
virchow2,40,1000,0.5079365079365079,0.4603174603174603,0.49206349206349204,0.44688644688644685
virchow2,40,1500,0.5079365079365079,0.5079365079365079,0.49206349206349204,0.48946608946608955
virchow2,41,20,0.29365079365079366,0.30952380952380953,0.2846153846153846,0.2881701631701632
virchow2,41,50,0.29365079365079366,0.29365079365079366,0.2846153846153846,0.30402930402930406
virchow2,41,100,0.29365079365079366,0.29365079365079366,0.2846153846153846,0.2936507936507936
virchow2,41,200,0.29365079365079366,0.29365079365079366,0.2846153846153846,0.29304029304029305
virchow2,41,500,0.29365079365079366,0.29365079365079366,0.2846153846153846,0.2846153846153846
virchow2,41,1000,0.29365079365079366,0.24603174603174602,0.2846153846153846,0.2253968253968254
virchow2,41,1500,0.29365079365079366,0.24603174603174602,0.2846153846153846,0.2253968253968254
virchow2,42,20,0.34920634920634913,0.30158730158730157,0.347985347985348,0.30226244343891406
virchow2,42,50,0.34920634920634913,0.30158730158730157,0.347985347985348,0.2967032967032967
virchow2,42,100,0.34920634920634913,0.30158730158730157,0.347985347985348,0.2967032967032967
virchow2,42,200,0.34920634920634913,0.34920634920634913,0.347985347985348,0.3516483516483517
virchow2,42,500,0.34920634920634913,0.34920634920634913,0.347985347985348,0.3516483516483517
virchow2,42,1000,0.34920634920634913,0.34920634920634913,0.347985347985348,0.34920634920634913
virchow2,42,1500,0.34920634920634913,0.34920634920634913,0.347985347985348,0.34920634920634913
virchow2,43,20,0.5,0.30158730158730157,0.5186147186147186,0.2982905982905983
virchow2,43,50,0.5,0.4047619047619047,0.5186147186147186,0.3812409812409812
virchow2,43,100,0.5,0.5079365079365079,0.5186147186147186,0.494017094017094
virchow2,43,200,0.5,0.4603174603174603,0.5186147186147186,0.45483405483405476
virchow2,43,500,0.5,0.5,0.5186147186147186,0.5186147186147186
virchow2,43,1000,0.5,0.5,0.5186147186147186,0.5186147186147186
virchow2,43,1500,0.5,0.5,0.5186147186147186,0.5186147186147186
virchow2,44,20,0.34920634920634913,0.34920634920634924,0.347985347985348,0.34722222222222215
virchow2,44,50,0.34920634920634913,0.34920634920634913,0.347985347985348,0.36594516594516596
virchow2,44,100,0.34920634920634913,0.30158730158730157,0.347985347985348,0.2936507936507936
virchow2,44,200,0.34920634920634913,0.30158730158730157,0.347985347985348,0.2936507936507936
virchow2,44,500,0.34920634920634913,0.3968253968253968,0.347985347985348,0.39926739926739935
virchow2,44,1000,0.34920634920634913,0.34920634920634913,0.347985347985348,0.347985347985348
virchow2,44,1500,0.34920634920634913,0.34920634920634913,0.347985347985348,0.347985347985348
virchow2,45,20,0.3412698412698412,0.4444444444444444,0.3412698412698412,0.4555023923444976
virchow2,45,50,0.3412698412698412,0.4047619047619048,0.3412698412698412,0.402930402930403
virchow2,45,100,0.3412698412698412,0.29365079365079366,0.3412698412698412,0.2967032967032967
virchow2,45,200,0.3412698412698412,0.3412698412698412,0.3412698412698412,0.3412698412698412
virchow2,45,500,0.3412698412698412,0.3412698412698412,0.3412698412698412,0.3412698412698412
virchow2,45,1000,0.3412698412698412,0.3412698412698412,0.3412698412698412,0.3412698412698412
virchow2,45,1500,0.3412698412698412,0.3412698412698412,0.3412698412698412,0.3412698412698412
virchow2,46,20,0.4523809523809524,0.49206349206349204,0.4523809523809524,0.49259259259259264
virchow2,46,50,0.4523809523809524,0.34920634920634913,0.4523809523809524,0.34978354978354975
virchow2,46,100,0.4523809523809524,0.4523809523809524,0.4523809523809524,0.45054945054945056
virchow2,46,200,0.4523809523809524,0.4523809523809524,0.4523809523809524,0.45054945054945056
virchow2,46,500,0.4523809523809524,0.5,0.4523809523809524,0.4982905982905983
virchow2,46,1000,0.4523809523809524,0.4047619047619048,0.4523809523809524,0.40256410256410263
virchow2,46,1500,0.4523809523809524,0.4523809523809524,0.4523809523809524,0.45054945054945056
virchow2,47,20,0.30952380952380953,0.39682539682539675,0.25833333333333336,0.39145299145299145
virchow2,47,50,0.30952380952380953,0.29365079365079366,0.25833333333333336,0.29365079365079366
virchow2,47,100,0.30952380952380953,0.3968253968253968,0.25833333333333336,0.39926739926739924
virchow2,47,200,0.30952380952380953,0.3968253968253968,0.25833333333333336,0.39926739926739924
virchow2,47,500,0.30952380952380953,0.34920634920634913,0.25833333333333336,0.34920634920634913
virchow2,47,1000,0.30952380952380953,0.25396825396825395,0.25833333333333336,0.22222222222222224
virchow2,47,1500,0.30952380952380953,0.30952380952380953,0.25833333333333336,0.25833333333333336
virchow2,48,20,0.39682539682539675,0.30158730158730157,0.39682539682539675,0.2967032967032967
virchow2,48,50,0.39682539682539675,0.3412698412698412,0.39682539682539675,0.3495726495726496
virchow2,48,100,0.39682539682539675,0.39682539682539675,0.39682539682539675,0.402930402930403
virchow2,48,200,0.39682539682539675,0.39682539682539675,0.39682539682539675,0.402930402930403
virchow2,48,500,0.39682539682539675,0.4444444444444444,0.39682539682539675,0.4581196581196581
virchow2,48,1000,0.39682539682539675,0.39682539682539675,0.39682539682539675,0.402930402930403
virchow2,48,1500,0.39682539682539675,0.39682539682539675,0.39682539682539675,0.39682539682539675
virchow2,49,20,0.4047619047619048,0.34920634920634913,0.3968253968253968,0.3529581529581529
virchow2,49,50,0.4047619047619048,0.4047619047619047,0.3968253968253968,0.3811188811188811
virchow2,49,100,0.4047619047619048,0.30158730158730157,0.3968253968253968,0.2967032967032967
virchow2,49,200,0.4047619047619048,0.30952380952380953,0.3968253968253968,0.27884615384615385
virchow2,49,500,0.4047619047619048,0.35714285714285715,0.3968253968253968,0.3367965367965368
virchow2,49,1000,0.4047619047619048,0.25396825396825395,0.3968253968253968,0.22756410256410256
virchow2,49,1500,0.4047619047619048,0.35714285714285715,0.3968253968253968,0.3367965367965368
virchow2,50,20,0.34920634920634913,0.25396825396825395,0.347985347985348,0.24603174603174602
virchow2,50,50,0.34920634920634913,0.30158730158730157,0.347985347985348,0.30158730158730157
virchow2,50,100,0.34920634920634913,0.24603174603174602,0.347985347985348,0.24700854700854702
virchow2,50,200,0.34920634920634913,0.29365079365079366,0.347985347985348,0.29365079365079366
virchow2,50,500,0.34920634920634913,0.34920634920634913,0.347985347985348,0.347985347985348
virchow2,50,1000,0.34920634920634913,0.34920634920634913,0.347985347985348,0.347985347985348
virchow2,50,1500,0.34920634920634913,0.34920634920634913,0.347985347985348,0.347985347985348
