model,repeat,fold,accuracy,balanced_accuracy,macro_f1
gigapath,1,1,0.5,0.5,0.38888888888888884
gigapath,1,2,0.5,0.5,0.4444444444444444
gigapath,1,3,0.75,0.8333333333333334,0.7777777777777777
gigapath,1,4,0.25,0.3333333333333333,0.13333333333333333
gigapath,1,5,0.5,0.5,0.38888888888888884
gigapath,2,1,0.5,0.3333333333333333,0.26666666666666666
gigapath,2,2,0.25,0.16666666666666666,0.16666666666666666
gigapath,2,3,0.25,0.16666666666666666,0.2222222222222222
gigapath,2,4,0.5,0.5,0.38888888888888884
gigapath,2,5,0.75,0.8333333333333334,0.7777777777777777
gigapath,3,1,0.75,0.6666666666666666,0.6
gigapath,3,2,0.75,0.6666666666666666,0.5555555555555555
gigapath,3,3,0.5,0.5,0.4444444444444444
gigapath,3,4,0.25,0.3333333333333333,0.16666666666666666
gigapath,3,5,0.5,0.5,0.4444444444444444
gigapath,4,1,0.5,0.5,0.38888888888888884
gigapath,4,2,0.5,0.6666666666666666,0.5
gigapath,4,3,0.75,0.6666666666666666,0.5555555555555555
gigapath,4,4,0.0,0.0,0.0
gigapath,4,5,0.5,0.6666666666666666,0.5
gigapath,5,1,0.0,0.0,0.0
gigapath,5,2,0.75,0.8333333333333334,0.7777777777777777
gigapath,5,3,0.5,0.5,0.38888888888888884
gigapath,5,4,0.5,0.6666666666666666,0.5
gigapath,5,5,0.5,0.6666666666666666,0.4444444444444444
gigapath,6,1,0.5,0.3333333333333333,0.3333333333333333
gigapath,6,2,0.5,0.3333333333333333,0.26666666666666666
gigapath,6,3,0.75,0.8333333333333334,0.7777777777777777
gigapath,6,4,0.25,0.16666666666666666,0.13333333333333333
gigapath,6,5,0.25,0.3333333333333333,0.13333333333333333
gigapath,7,1,0.5,0.6666666666666666,0.5
gigapath,7,2,0.25,0.16666666666666666,0.16666666666666666
gigapath,7,3,0.5,0.5,0.4444444444444444
gigapath,7,4,0.5,0.5,0.38888888888888884
gigapath,7,5,0.25,0.3333333333333333,0.13333333333333333
gigapath,8,1,0.75,0.6666666666666666,0.6
gigapath,8,2,0.5,0.5,0.4444444444444444
gigapath,8,3,0.25,0.16666666666666666,0.13333333333333333
gigapath,8,4,0.25,0.16666666666666666,0.16666666666666666
gigapath,8,5,0.5,0.5,0.38888888888888884
gigapath,9,1,0.75,0.6666666666666666,0.6
gigapath,9,2,0.5,0.5,0.38888888888888884
gigapath,9,3,0.75,0.8333333333333334,0.7777777777777777
gigapath,9,4,0.25,0.3333333333333333,0.13333333333333333
gigapath,9,5,0.5,0.6666666666666666,0.4444444444444444
gigapath,10,1,0.5,0.5,0.38888888888888884
gigapath,10,2,0.5,0.5,0.5
gigapath,10,3,0.5,0.3333333333333333,0.26666666666666666
gigapath,10,4,0.25,0.3333333333333333,0.13333333333333333
gigapath,10,5,0.25,0.16666666666666666,0.16666666666666666
gigapath,11,1,0.25,0.16666666666666666,0.13333333333333333
gigapath,11,2,0.25,0.3333333333333333,0.16666666666666666
gigapath,11,3,0.75,0.6666666666666666,0.5555555555555555
gigapath,11,4,0.75,0.8333333333333334,0.7777777777777777
gigapath,11,5,0.5,0.5,0.38888888888888884
gigapath,12,1,0.25,0.16666666666666666,0.2222222222222222
gigapath,12,2,0.5,0.5,0.4444444444444444
gigapath,12,3,0.75,0.8333333333333334,0.7777777777777777
gigapath,12,4,0.5,0.6666666666666666,0.5
gigapath,12,5,0.5,0.6666666666666666,0.5
gigapath,13,1,0.75,0.6666666666666666,0.6
gigapath,13,2,0.25,0.3333333333333333,0.16666666666666666
gigapath,13,3,0.5,0.5,0.4444444444444444
gigapath,13,4,0.5,0.5,0.38888888888888884
gigapath,13,5,0.25,0.3333333333333333,0.2222222222222222
gigapath,14,1,0.25,0.16666666666666666,0.16666666666666666
gigapath,14,2,0.5,0.6666666666666666,0.5
gigapath,14,3,0.5,0.5,0.4444444444444444
gigapath,14,4,0.75,0.8333333333333334,0.7777777777777777
gigapath,14,5,0.5,0.6666666666666666,0.5
gigapath,15,1,0.75,0.8333333333333334,0.7777777777777777
gigapath,15,2,0.5,0.5,0.38888888888888884
gigapath,15,3,0.75,0.8333333333333334,0.7777777777777777
gigapath,15,4,0.25,0.3333333333333333,0.2222222222222222
gigapath,15,5,0.25,0.3333333333333333,0.13333333333333333
gigapath,16,1,0.75,0.6666666666666666,0.6
gigapath,16,2,0.5,0.5,0.4444444444444444
gigapath,16,3,0.5,0.5,0.4444444444444444
gigapath,16,4,0.5,0.5,0.38888888888888884
gigapath,16,5,0.5,0.6666666666666666,0.5
gigapath,17,1,0.25,0.16666666666666666,0.13333333333333333
gigapath,17,2,0.0,0.0,0.0
gigapath,17,3,0.25,0.16666666666666666,0.16666666666666666
gigapath,17,4,0.75,0.8333333333333334,0.7777777777777777
gigapath,17,5,0.5,0.5,0.5
gigapath,18,1,0.5,0.3333333333333333,0.2222222222222222
gigapath,18,2,0.5,0.6666666666666666,0.5
gigapath,18,3,0.75,0.6666666666666666,0.5555555555555555
gigapath,18,4,0.5,0.5,0.4444444444444444
gigapath,18,5,0.5,0.6666666666666666,0.4444444444444444
gigapath,19,1,0.75,0.6666666666666666,0.6
gigapath,19,2,0.5,0.5,0.4444444444444444
gigapath,19,3,0.75,0.8333333333333334,0.7777777777777777
gigapath,19,4,0.5,0.6666666666666666,0.5
gigapath,19,5,0.25,0.16666666666666666,0.16666666666666666
gigapath,20,1,0.25,0.16666666666666666,0.13333333333333333
gigapath,20,2,0.75,0.6666666666666666,0.5555555555555555
gigapath,20,3,0.5,0.5,0.38888888888888884
gigapath,20,4,0.25,0.16666666666666666,0.16666666666666666
gigapath,20,5,0.5,0.5,0.38888888888888884
gigapath,21,1,0.5,0.5,0.4444444444444444
gigapath,21,2,0.5,0.5,0.38888888888888884
gigapath,21,3,0.5,0.5,0.38888888888888884
gigapath,21,4,0.25,0.3333333333333333,0.13333333333333333
gigapath,21,5,0.5,0.6666666666666666,0.5
gigapath,22,1,0.75,0.6666666666666666,0.5555555555555555
gigapath,22,2,0.5,0.5,0.4444444444444444
gigapath,22,3,0.5,0.3333333333333333,0.26666666666666666
gigapath,22,4,0.5,0.5,0.38888888888888884
gigapath,22,5,0.5,0.5,0.38888888888888884
gigapath,23,1,0.25,0.16666666666666666,0.16666666666666666
gigapath,23,2,0.25,0.3333333333333333,0.13333333333333333
gigapath,23,3,0.5,0.5,0.38888888888888884
gigapath,23,4,1.0,1.0,1.0
gigapath,23,5,0.5,0.6666666666666666,0.5
gigapath,24,1,0.75,0.6666666666666666,0.6
gigapath,24,2,0.0,0.0,0.0
gigapath,24,3,0.5,0.5,0.38888888888888884
gigapath,24,4,0.5,0.5,0.5
gigapath,24,5,0.5,0.6666666666666666,0.5
gigapath,25,1,0.5,0.3333333333333333,0.2222222222222222
gigapath,25,2,0.25,0.3333333333333333,0.16666666666666666
gigapath,25,3,0.5,0.3333333333333333,0.26666666666666666
gigapath,25,4,0.5,0.5,0.38888888888888884
gigapath,25,5,0.5,0.6666666666666666,0.5
gigapath,26,1,0.75,0.8333333333333334,0.7777777777777777
gigapath,26,2,0.25,0.3333333333333333,0.2222222222222222
gigapath,26,3,0.25,0.16666666666666666,0.16666666666666666
gigapath,26,4,0.5,0.6666666666666666,0.4444444444444444
gigapath,26,5,0.5,0.5,0.38888888888888884
gigapath,27,1,0.5,0.5,0.38888888888888884
gigapath,27,2,0.5,0.5,0.4444444444444444
gigapath,27,3,0.25,0.3333333333333333,0.16666666666666666
gigapath,27,4,0.5,0.6666666666666666,0.5
gigapath,27,5,0.25,0.3333333333333333,0.3333333333333333
gigapath,28,1,0.5,0.5,0.38888888888888884
gigapath,28,2,0.5,0.5,0.38888888888888884
gigapath,28,3,0.5,0.5,0.4444444444444444
gigapath,28,4,0.5,0.5,0.38888888888888884
gigapath,28,5,0.5,0.5,0.5
gigapath,29,1,0.25,0.16666666666666666,0.13333333333333333
gigapath,29,2,0.25,0.3333333333333333,0.3333333333333333
gigapath,29,3,0.5,0.5,0.4444444444444444
gigapath,29,4,0.75,0.8333333333333334,0.7777777777777777
gigapath,29,5,0.5,0.6666666666666666,0.5
gigapath,30,1,0.5,0.3333333333333333,0.2222222222222222
gigapath,30,2,0.75,0.8333333333333334,0.7777777777777777
gigapath,30,3,0.25,0.16666666666666666,0.16666666666666666
gigapath,30,4,0.5,0.5,0.38888888888888884
gigapath,30,5,0.25,0.3333333333333333,0.16666666666666666
gigapath,31,1,0.25,0.16666666666666666,0.13333333333333333
gigapath,31,2,0.75,0.8333333333333334,0.7777777777777777
gigapath,31,3,0.5,0.5,0.5
gigapath,31,4,0.5,0.6666666666666666,0.5
gigapath,31,5,0.5,0.5,0.38888888888888884
gigapath,32,1,0.5,0.3333333333333333,0.2222222222222222
gigapath,32,2,0.75,0.6666666666666666,0.5555555555555555
gigapath,32,3,0.5,0.5,0.38888888888888884
gigapath,32,4,0.25,0.16666666666666666,0.16666666666666666
gigapath,32,5,0.25,0.3333333333333333,0.13333333333333333
gigapath,33,1,0.5,0.5,0.38888888888888884
gigapath,33,2,0.5,0.5,0.4444444444444444
gigapath,33,3,0.75,0.6666666666666666,0.5555555555555555
gigapath,33,4,0.75,0.8333333333333334,0.7777777777777777
gigapath,33,5,0.5,0.6666666666666666,0.5
gigapath,34,1,0.75,0.8333333333333334,0.7777777777777777
gigapath,34,2,0.5,0.5,0.38888888888888884
gigapath,34,3,0.5,0.5,0.4444444444444444
gigapath,34,4,0.5,0.5,0.38888888888888884
gigapath,34,5,0.25,0.3333333333333333,0.16666666666666666
gigapath,35,1,0.0,0.0,0.0
gigapath,35,2,0.25,0.3333333333333333,0.3333333333333333
gigapath,35,3,0.5,0.5,0.38888888888888884
gigapath,35,4,0.5,0.5,0.38888888888888884
gigapath,35,5,0.25,0.3333333333333333,0.16666666666666666
gigapath,36,1,0.5,0.5,0.4444444444444444
gigapath,36,2,0.5,0.5,0.38888888888888884
gigapath,36,3,0.25,0.16666666666666666,0.16666666666666666
gigapath,36,4,0.75,0.8333333333333334,0.7777777777777777
gigapath,36,5,0.0,0.0,0.0
gigapath,37,1,0.25,0.16666666666666666,0.13333333333333333
gigapath,37,2,0.25,0.16666666666666666,0.16666666666666666
gigapath,37,3,0.0,0.0,0.0
gigapath,37,4,0.75,0.8333333333333334,0.7777777777777777
gigapath,37,5,0.5,0.6666666666666666,0.4444444444444444
gigapath,38,1,0.5,0.5,0.4444444444444444
gigapath,38,2,0.5,0.5,0.4444444444444444
gigapath,38,3,0.5,0.5,0.4444444444444444
gigapath,38,4,0.5,0.6666666666666666,0.5
gigapath,38,5,0.25,0.3333333333333333,0.13333333333333333
gigapath,39,1,0.25,0.16666666666666666,0.13333333333333333
gigapath,39,2,0.25,0.16666666666666666,0.2222222222222222
gigapath,39,3,0.5,0.5,0.38888888888888884
gigapath,39,4,0.75,0.6666666666666666,0.6
gigapath,39,5,0.5,0.6666666666666666,0.5
gigapath,40,1,0.25,0.16666666666666666,0.16666666666666666
gigapath,40,2,0.25,0.3333333333333333,0.16666666666666666
gigapath,40,3,0.5,0.5,0.4444444444444444
gigapath,40,4,0.5,0.6666666666666666,0.5
gigapath,40,5,0.5,0.5,0.4444444444444444
gigapath,41,1,0.5,0.3333333333333333,0.26666666666666666
gigapath,41,2,0.25,0.16666666666666666,0.16666666666666666
gigapath,41,3,0.0,0.0,0.0
gigapath,41,4,0.25,0.3333333333333333,0.2222222222222222
gigapath,41,5,0.25,0.3333333333333333,0.2222222222222222
gigapath,42,1,0.5,0.5,0.38888888888888884
gigapath,42,2,0.5,0.5,0.38888888888888884
gigapath,42,3,0.25,0.3333333333333333,0.13333333333333333
gigapath,42,4,0.5,0.6666666666666666,0.5
gigapath,42,5,0.0,0.0,0.0
gigapath,43,1,0.5,0.5,0.5
gigapath,43,2,0.5,0.3333333333333333,0.26666666666666666
gigapath,43,3,0.75,0.8333333333333334,0.7777777777777777
gigapath,43,4,0.25,0.3333333333333333,0.16666666666666666
gigapath,43,5,0.5,0.5,0.38888888888888884
gigapath,44,1,0.25,0.3333333333333333,0.2222222222222222
gigapath,44,2,0.25,0.16666666666666666,0.16666666666666666
gigapath,44,3,0.5,0.5,0.4444444444444444
gigapath,44,4,0.5,0.5,0.38888888888888884
gigapath,44,5,0.25,0.16666666666666666,0.2222222222222222
gigapath,45,1,0.5,0.5,0.38888888888888884
gigapath,45,2,0.5,0.5,0.38888888888888884
gigapath,45,3,0.25,0.3333333333333333,0.16666666666666666
gigapath,45,4,0.25,0.16666666666666666,0.16666666666666666
gigapath,45,5,0.75,0.8333333333333334,0.7777777777777777
gigapath,46,1,0.5,0.5,0.38888888888888884
gigapath,46,2,0.75,0.8333333333333334,0.7777777777777777
gigapath,46,3,0.25,0.3333333333333333,0.16666666666666666
gigapath,46,4,0.25,0.3333333333333333,0.2222222222222222
gigapath,46,5,0.25,0.3333333333333333,0.2222222222222222
gigapath,47,1,0.5,0.3333333333333333,0.2222222222222222
gigapath,47,2,0.75,0.6666666666666666,0.5555555555555555
gigapath,47,3,0.25,0.3333333333333333,0.13333333333333333
gigapath,47,4,0.25,0.16666666666666666,0.16666666666666666
gigapath,47,5,0.5,0.6666666666666666,0.4444444444444444
gigapath,48,1,0.5,0.6666666666666666,0.4444444444444444
gigapath,48,2,0.5,0.5,0.38888888888888884
gigapath,48,3,0.5,0.5,0.38888888888888884
gigapath,48,4,0.75,0.8333333333333334,0.7777777777777777
gigapath,48,5,0.25,0.3333333333333333,0.16666666666666666
gigapath,49,1,0.5,0.3333333333333333,0.3333333333333333
gigapath,49,2,0.5,0.5,0.38888888888888884
gigapath,49,3,0.25,0.16666666666666666,0.13333333333333333
gigapath,49,4,0.5,0.6666666666666666,0.5
gigapath,49,5,0.5,0.5,0.38888888888888884
gigapath,50,1,0.5,0.5,0.5
gigapath,50,2,0.5,0.5,0.4444444444444444
gigapath,50,3,0.25,0.3333333333333333,0.2222222222222222
gigapath,50,4,0.75,0.8333333333333334,0.7777777777777777
gigapath,50,5,0.0,0.0,0.0
uni_v2,1,1,0.5,0.5,0.38888888888888884
uni_v2,1,2,0.25,0.16666666666666666,0.2222222222222222
uni_v2,1,3,0.75,0.8333333333333334,0.7777777777777777
uni_v2,1,4,0.25,0.3333333333333333,0.13333333333333333
uni_v2,1,5,0.5,0.5,0.38888888888888884
uni_v2,2,1,0.5,0.3333333333333333,0.26666666666666666
uni_v2,2,2,0.5,0.5,0.38888888888888884
uni_v2,2,3,0.5,0.3333333333333333,0.26666666666666666
uni_v2,2,4,0.5,0.5,0.38888888888888884
uni_v2,2,5,0.75,0.6666666666666666,0.6
uni_v2,3,1,0.75,0.6666666666666666,0.6
uni_v2,3,2,0.5,0.5,0.38888888888888884
uni_v2,3,3,0.5,0.5,0.4444444444444444
uni_v2,3,4,0.5,0.5,0.5
uni_v2,3,5,0.5,0.5,0.4444444444444444
uni_v2,4,1,0.5,0.5,0.4444444444444444
uni_v2,4,2,0.75,0.8333333333333334,0.7777777777777777
uni_v2,4,3,0.75,0.6666666666666666,0.5555555555555555
uni_v2,4,4,0.0,0.0,0.0
uni_v2,4,5,0.25,0.16666666666666666,0.13333333333333333
uni_v2,5,1,0.25,0.3333333333333333,0.13333333333333333
uni_v2,5,2,0.75,0.8333333333333334,0.7777777777777777
uni_v2,5,3,0.5,0.5,0.38888888888888884
uni_v2,5,4,0.5,0.6666666666666666,0.5
uni_v2,5,5,0.5,0.6666666666666666,0.4444444444444444
uni_v2,6,1,0.5,0.3333333333333333,0.3333333333333333
uni_v2,6,2,0.5,0.3333333333333333,0.26666666666666666
uni_v2,6,3,0.75,0.8333333333333334,0.7777777777777777
uni_v2,6,4,0.5,0.3333333333333333,0.2222222222222222
uni_v2,6,5,0.5,0.6666666666666666,0.5
uni_v2,7,1,0.5,0.6666666666666666,0.5
uni_v2,7,2,0.25,0.16666666666666666,0.16666666666666666
uni_v2,7,3,0.5,0.5,0.4444444444444444
uni_v2,7,4,0.5,0.5,0.38888888888888884
uni_v2,7,5,0.5,0.6666666666666666,0.4444444444444444
uni_v2,8,1,0.5,0.3333333333333333,0.26666666666666666
uni_v2,8,2,0.5,0.5,0.4444444444444444
uni_v2,8,3,0.25,0.16666666666666666,0.13333333333333333
uni_v2,8,4,0.5,0.3333333333333333,0.26666666666666666
uni_v2,8,5,0.75,0.8333333333333334,0.7777777777777777
uni_v2,9,1,0.5,0.5,0.38888888888888884
uni_v2,9,2,0.5,0.5,0.38888888888888884
uni_v2,9,3,0.75,0.8333333333333334,0.7777777777777777
uni_v2,9,4,0.75,0.8333333333333334,0.7777777777777777
uni_v2,9,5,0.5,0.6666666666666666,0.4444444444444444
uni_v2,10,1,0.5,0.3333333333333333,0.26666666666666666
uni_v2,10,2,0.5,0.5,0.5
uni_v2,10,3,0.25,0.16666666666666666,0.16666666666666666
uni_v2,10,4,0.25,0.16666666666666666,0.16666666666666666
uni_v2,10,5,0.75,0.8333333333333334,0.7777777777777777
uni_v2,11,1,0.25,0.16666666666666666,0.16666666666666666
uni_v2,11,2,0.5,0.5,0.5
uni_v2,11,3,1.0,1.0,1.0
uni_v2,11,4,0.75,0.6666666666666666,0.6
uni_v2,11,5,0.5,0.5,0.38888888888888884
uni_v2,12,1,0.5,0.5,0.38888888888888884
uni_v2,12,2,0.25,0.16666666666666666,0.13333333333333333
uni_v2,12,3,0.75,0.8333333333333334,0.7777777777777777
uni_v2,12,4,0.5,0.5,0.5
uni_v2,12,5,0.5,0.6666666666666666,0.5
uni_v2,13,1,0.25,0.16666666666666666,0.16666666666666666
uni_v2,13,2,0.5,0.5,0.4444444444444444
uni_v2,13,3,0.75,0.8333333333333334,0.7777777777777777
uni_v2,13,4,0.5,0.5,0.38888888888888884
uni_v2,13,5,0.25,0.3333333333333333,0.2222222222222222
uni_v2,14,1,0.25,0.16666666666666666,0.16666666666666666
uni_v2,14,2,0.75,0.8333333333333334,0.7777777777777777
uni_v2,14,3,0.5,0.5,0.4444444444444444
uni_v2,14,4,0.5,0.5,0.38888888888888884
uni_v2,14,5,0.75,0.8333333333333334,0.7777777777777777
uni_v2,15,1,0.75,0.8333333333333334,0.7777777777777777
uni_v2,15,2,0.5,0.5,0.38888888888888884
uni_v2,15,3,0.75,0.8333333333333334,0.7777777777777777
uni_v2,15,4,0.25,0.3333333333333333,0.16666666666666666
uni_v2,15,5,0.25,0.3333333333333333,0.16666666666666666
uni_v2,16,1,0.5,0.5,0.38888888888888884
uni_v2,16,2,0.25,0.16666666666666666,0.2222222222222222
uni_v2,16,3,0.5,0.5,0.4444444444444444
uni_v2,16,4,0.5,0.3333333333333333,0.2222222222222222
uni_v2,16,5,0.5,0.6666666666666666,0.5
uni_v2,17,1,0.25,0.16666666666666666,0.13333333333333333
uni_v2,17,2,0.5,0.5,0.4444444444444444
uni_v2,17,3,0.25,0.16666666666666666,0.16666666666666666
uni_v2,17,4,0.75,0.8333333333333334,0.7777777777777777
uni_v2,17,5,0.75,0.6666666666666666,0.6
uni_v2,18,1,0.5,0.3333333333333333,0.2222222222222222
uni_v2,18,2,0.25,0.3333333333333333,0.13333333333333333
uni_v2,18,3,0.5,0.3333333333333333,0.3333333333333333
uni_v2,18,4,0.5,0.5,0.38888888888888884
uni_v2,18,5,0.5,0.6666666666666666,0.4444444444444444
uni_v2,19,1,0.5,0.5,0.38888888888888884
uni_v2,19,2,0.75,0.8333333333333334,0.7777777777777777
uni_v2,19,3,0.75,0.8333333333333334,0.7777777777777777
uni_v2,19,4,0.25,0.3333333333333333,0.16666666666666666
uni_v2,19,5,0.25,0.16666666666666666,0.13333333333333333
uni_v2,20,1,0.5,0.5,0.5
uni_v2,20,2,0.5,0.5,0.4444444444444444
uni_v2,20,3,0.5,0.5,0.38888888888888884
uni_v2,20,4,0.25,0.16666666666666666,0.16666666666666666
uni_v2,20,5,0.5,0.5,0.38888888888888884
uni_v2,21,1,0.5,0.5,0.4444444444444444
uni_v2,21,2,0.5,0.5,0.38888888888888884
uni_v2,21,3,0.5,0.5,0.38888888888888884
uni_v2,21,4,0.5,0.6666666666666666,0.4444444444444444
uni_v2,21,5,0.75,0.8333333333333334,0.7777777777777777
uni_v2,22,1,0.5,0.3333333333333333,0.26666666666666666
uni_v2,22,2,0.0,0.0,0.0
uni_v2,22,3,0.75,0.6666666666666666,0.6
uni_v2,22,4,0.5,0.5,0.38888888888888884
uni_v2,22,5,0.75,0.8333333333333334,0.7777777777777777
uni_v2,23,1,0.0,0.0,0.0
uni_v2,23,2,0.5,0.6666666666666666,0.4444444444444444
uni_v2,23,3,0.75,0.6666666666666666,0.5555555555555555
uni_v2,23,4,1.0,1.0,1.0
uni_v2,23,5,0.5,0.6666666666666666,0.5
uni_v2,24,1,0.5,0.3333333333333333,0.26666666666666666
uni_v2,24,2,0.0,0.0,0.0
uni_v2,24,3,0.75,0.6666666666666666,0.5555555555555555
uni_v2,24,4,0.5,0.5,0.5
uni_v2,24,5,1.0,1.0,1.0
uni_v2,25,1,0.5,0.3333333333333333,0.2222222222222222
uni_v2,25,2,0.5,0.5,0.38888888888888884
uni_v2,25,3,0.5,0.3333333333333333,0.26666666666666666
uni_v2,25,4,0.5,0.5,0.38888888888888884
uni_v2,25,5,0.5,0.5,0.38888888888888884
uni_v2,26,1,0.5,0.3333333333333333,0.26666666666666666
uni_v2,26,2,0.75,0.8333333333333334,0.7777777777777777
uni_v2,26,3,0.5,0.5,0.38888888888888884
uni_v2,26,4,0.5,0.6666666666666666,0.4444444444444444
uni_v2,26,5,0.5,0.5,0.38888888888888884
uni_v2,27,1,0.5,0.5,0.38888888888888884
uni_v2,27,2,1.0,1.0,1.0
uni_v2,27,3,0.25,0.3333333333333333,0.16666666666666666
uni_v2,27,4,0.5,0.5,0.5
uni_v2,27,5,0.25,0.3333333333333333,0.3333333333333333
uni_v2,28,1,0.5,0.5,0.38888888888888884
uni_v2,28,2,0.75,0.8333333333333334,0.7777777777777777
uni_v2,28,3,0.75,0.8333333333333334,0.7777777777777777
uni_v2,28,4,0.5,0.5,0.38888888888888884
uni_v2,28,5,0.5,0.5,0.5
uni_v2,29,1,0.25,0.16666666666666666,0.13333333333333333
uni_v2,29,2,0.5,0.5,0.5
uni_v2,29,3,1.0,1.0,1.0
uni_v2,29,4,1.0,1.0,1.0
uni_v2,29,5,0.5,0.6666666666666666,0.4444444444444444
uni_v2,30,1,0.75,0.6666666666666666,0.6
uni_v2,30,2,0.75,0.8333333333333334,0.7777777777777777
uni_v2,30,3,0.0,0.0,0.0
uni_v2,30,4,0.5,0.5,0.5
uni_v2,30,5,0.5,0.5,0.38888888888888884
uni_v2,31,1,0.25,0.16666666666666666,0.16666666666666666
uni_v2,31,2,0.75,0.8333333333333334,0.7777777777777777
uni_v2,31,3,0.5,0.5,0.4444444444444444
uni_v2,31,4,0.25,0.3333333333333333,0.2222222222222222
uni_v2,31,5,0.5,0.5,0.5
uni_v2,32,1,0.5,0.3333333333333333,0.2222222222222222
uni_v2,32,2,0.75,0.6666666666666666,0.5555555555555555
uni_v2,32,3,0.75,0.8333333333333334,0.7777777777777777
uni_v2,32,4,0.25,0.16666666666666666,0.16666666666666666
uni_v2,32,5,0.5,0.6666666666666666,0.4444444444444444
uni_v2,33,1,0.5,0.5,0.38888888888888884
uni_v2,33,2,0.5,0.5,0.4444444444444444
uni_v2,33,3,0.25,0.16666666666666666,0.13333333333333333
uni_v2,33,4,0.75,0.8333333333333334,0.7777777777777777
uni_v2,33,5,0.25,0.3333333333333333,0.2222222222222222
uni_v2,34,1,0.75,0.8333333333333334,0.7777777777777777
uni_v2,34,2,0.5,0.5,0.38888888888888884
uni_v2,34,3,0.5,0.5,0.4444444444444444
uni_v2,34,4,0.25,0.16666666666666666,0.16666666666666666
uni_v2,34,5,0.25,0.3333333333333333,0.2222222222222222
uni_v2,35,1,0.0,0.0,0.0
uni_v2,35,2,0.25,0.3333333333333333,0.2222222222222222
uni_v2,35,3,0.5,0.5,0.38888888888888884
uni_v2,35,4,0.75,0.8333333333333334,0.7777777777777777
uni_v2,35,5,0.25,0.16666666666666666,0.13333333333333333
uni_v2,36,1,0.5,0.5,0.4444444444444444
uni_v2,36,2,0.75,0.8333333333333334,0.7777777777777777
uni_v2,36,3,0.5,0.3333333333333333,0.26666666666666666
uni_v2,36,4,0.5,0.6666666666666666,0.4444444444444444
uni_v2,36,5,0.25,0.3333333333333333,0.2222222222222222
uni_v2,37,1,0.75,0.6666666666666666,0.5555555555555555
uni_v2,37,2,0.5,0.5,0.38888888888888884
uni_v2,37,3,0.25,0.3333333333333333,0.16666666666666666
uni_v2,37,4,0.75,0.8333333333333334,0.7777777777777777
uni_v2,37,5,0.75,0.8333333333333334,0.7777777777777777
uni_v2,38,1,0.5,0.5,0.4444444444444444
uni_v2,38,2,0.25,0.16666666666666666,0.2222222222222222
uni_v2,38,3,0.5,0.5,0.4444444444444444
uni_v2,38,4,0.5,0.6666666666666666,0.5
uni_v2,38,5,0.5,0.5,0.5
uni_v2,39,1,0.25,0.16666666666666666,0.16666666666666666
uni_v2,39,2,0.25,0.3333333333333333,0.2222222222222222
uni_v2,39,3,0.75,0.6666666666666666,0.5555555555555555
uni_v2,39,4,0.75,0.6666666666666666,0.6
uni_v2,39,5,0.75,0.8333333333333334,0.7777777777777777
uni_v2,40,1,0.5,0.5,0.38888888888888884
uni_v2,40,2,0.25,0.3333333333333333,0.16666666666666666
uni_v2,40,3,1.0,1.0,1.0
uni_v2,40,4,0.5,0.6666666666666666,0.4444444444444444
uni_v2,40,5,0.75,0.6666666666666666,0.5555555555555555
uni_v2,41,1,0.25,0.16666666666666666,0.16666666666666666
uni_v2,41,2,0.75,0.6666666666666666,0.6
uni_v2,41,3,0.0,0.0,0.0
uni_v2,41,4,0.5,0.5,0.5
uni_v2,41,5,0.5,0.5,0.5
uni_v2,42,1,0.5,0.5,0.38888888888888884
uni_v2,42,2,0.75,0.8333333333333334,0.7777777777777777
uni_v2,42,3,0.25,0.3333333333333333,0.13333333333333333
uni_v2,42,4,0.5,0.6666666666666666,0.5
uni_v2,42,5,0.25,0.3333333333333333,0.16666666666666666
uni_v2,43,1,0.75,0.8333333333333334,0.7777777777777777
uni_v2,43,2,0.5,0.3333333333333333,0.26666666666666666
uni_v2,43,3,0.75,0.8333333333333334,0.7777777777777777
uni_v2,43,4,0.25,0.3333333333333333,0.16666666666666666
uni_v2,43,5,0.5,0.5,0.38888888888888884
uni_v2,44,1,0.5,0.6666666666666666,0.5
uni_v2,44,2,0.75,0.6666666666666666,0.6
uni_v2,44,3,0.5,0.5,0.4444444444444444
uni_v2,44,4,0.5,0.5,0.38888888888888884
uni_v2,44,5,0.25,0.16666666666666666,0.2222222222222222
uni_v2,45,1,0.5,0.5,0.38888888888888884
uni_v2,45,2,0.5,0.5,0.38888888888888884
uni_v2,45,3,0.75,0.8333333333333334,0.7777777777777777
uni_v2,45,4,0.5,0.5,0.38888888888888884
uni_v2,45,5,0.25,0.3333333333333333,0.3333333333333333
uni_v2,46,1,0.75,0.6666666666666666,0.6
uni_v2,46,2,0.75,0.8333333333333334,0.7777777777777777
uni_v2,46,3,0.5,0.6666666666666666,0.4444444444444444
uni_v2,46,4,0.25,0.3333333333333333,0.16666666666666666
uni_v2,46,5,0.75,0.6666666666666666,0.6
uni_v2,47,1,0.5,0.5,0.38888888888888884
uni_v2,47,2,0.75,0.6666666666666666,0.5555555555555555
uni_v2,47,3,0.5,0.5,0.38888888888888884
uni_v2,47,4,0.25,0.16666666666666666,0.16666666666666666
uni_v2,47,5,0.5,0.5,0.38888888888888884
uni_v2,48,1,0.75,0.8333333333333334,0.7777777777777777
uni_v2,48,2,0.25,0.16666666666666666,0.16666666666666666
uni_v2,48,3,0.75,0.8333333333333334,0.7777777777777777
uni_v2,48,4,0.5,0.5,0.5
uni_v2,48,5,0.25,0.3333333333333333,0.16666666666666666
uni_v2,49,1,0.25,0.16666666666666666,0.2222222222222222
uni_v2,49,2,0.5,0.3333333333333333,0.3333333333333333
uni_v2,49,3,0.25,0.16666666666666666,0.13333333333333333
uni_v2,49,4,0.25,0.3333333333333333,0.16666666666666666
uni_v2,49,5,0.5,0.5,0.38888888888888884
uni_v2,50,1,0.5,0.5,0.38888888888888884
uni_v2,50,2,0.5,0.5,0.4444444444444444
uni_v2,50,3,0.75,0.8333333333333334,0.7777777777777777
uni_v2,50,4,0.75,0.8333333333333334,0.7777777777777777
uni_v2,50,5,0.0,0.0,0.0
virchow2,1,1,0.5,0.5,0.38888888888888884
virchow2,1,2,0.25,0.16666666666666666,0.16666666666666666
virchow2,1,3,0.5,0.5,0.38888888888888884
virchow2,1,4,0.25,0.3333333333333333,0.13333333333333333
virchow2,1,5,0.5,0.3333333333333333,0.26666666666666666
virchow2,2,1,0.25,0.16666666666666666,0.16666666666666666
virchow2,2,2,0.25,0.16666666666666666,0.16666666666666666
virchow2,2,3,0.5,0.5,0.38888888888888884
virchow2,2,4,0.0,0.0,0.0
virchow2,2,5,0.5,0.5,0.38888888888888884
virchow2,3,1,0.75,0.6666666666666666,0.6
virchow2,3,2,0.75,0.6666666666666666,0.5555555555555555
virchow2,3,3,0.25,0.16666666666666666,0.2222222222222222
virchow2,3,4,0.25,0.3333333333333333,0.2222222222222222
virchow2,3,5,0.5,0.5,0.38888888888888884
virchow2,4,1,0.5,0.5,0.5
virchow2,4,2,0.5,0.6666666666666666,0.5
virchow2,4,3,1.0,1.0,1.0
virchow2,4,4,0.25,0.16666666666666666,0.16666666666666666
virchow2,4,5,0.25,0.3333333333333333,0.2222222222222222
virchow2,5,1,0.0,0.0,0.0
virchow2,5,2,0.5,0.5,0.38888888888888884
virchow2,5,3,0.5,0.5,0.38888888888888884
virchow2,5,4,0.25,0.3333333333333333,0.2222222222222222
virchow2,5,5,0.75,0.8333333333333334,0.7777777777777777
virchow2,6,1,0.5,0.5,0.38888888888888884
virchow2,6,2,0.5,0.3333333333333333,0.26666666666666666
virchow2,6,3,0.75,0.8333333333333334,0.7777777777777777
virchow2,6,4,0.25,0.16666666666666666,0.13333333333333333
virchow2,6,5,0.25,0.3333333333333333,0.16666666666666666
virchow2,7,1,0.5,0.6666666666666666,0.5
virchow2,7,2,0.25,0.16666666666666666,0.16666666666666666
virchow2,7,3,0.5,0.5,0.4444444444444444
virchow2,7,4,0.5,0.5,0.38888888888888884
virchow2,7,5,0.25,0.3333333333333333,0.13333333333333333
virchow2,8,1,0.75,0.6666666666666666,0.6
virchow2,8,2,0.25,0.16666666666666666,0.16666666666666666
virchow2,8,3,0.5,0.3333333333333333,0.2222222222222222
virchow2,8,4,0.25,0.16666666666666666,0.16666666666666666
virchow2,8,5,0.75,0.6666666666666666,0.5555555555555555
virchow2,9,1,0.5,0.5,0.5
virchow2,9,2,0.75,0.8333333333333334,0.7777777777777777
virchow2,9,3,0.75,0.8333333333333334,0.7777777777777777
virchow2,9,4,0.5,0.5,0.38888888888888884
virchow2,9,5,0.5,0.5,0.38888888888888884
virchow2,10,1,0.5,0.3333333333333333,0.2222222222222222
virchow2,10,2,0.25,0.16666666666666666,0.16666666666666666
virchow2,10,3,0.5,0.3333333333333333,0.26666666666666666
virchow2,10,4,0.0,0.0,0.0
virchow2,10,5,0.5,0.3333333333333333,0.3333333333333333
virchow2,11,1,0.25,0.16666666666666666,0.13333333333333333
virchow2,11,2,0.25,0.3333333333333333,0.13333333333333333
virchow2,11,3,0.5,0.3333333333333333,0.2222222222222222
virchow2,11,4,0.5,0.5,0.4444444444444444
virchow2,11,5,0.5,0.5,0.38888888888888884
virchow2,12,1,0.5,0.5,0.38888888888888884
virchow2,12,2,0.25,0.16666666666666666,0.13333333333333333
virchow2,12,3,0.75,0.8333333333333334,0.7777777777777777
virchow2,12,4,0.75,0.8333333333333334,0.7777777777777777
virchow2,12,5,0.25,0.3333333333333333,0.3333333333333333
virchow2,13,1,0.5,0.5,0.4444444444444444
virchow2,13,2,0.25,0.3333333333333333,0.2222222222222222
virchow2,13,3,0.75,0.8333333333333334,0.7777777777777777
virchow2,13,4,0.5,0.5,0.38888888888888884
virchow2,13,5,0.25,0.3333333333333333,0.16666666666666666
virchow2,14,1,0.25,0.16666666666666666,0.16666666666666666
virchow2,14,2,0.5,0.6666666666666666,0.5
virchow2,14,3,0.5,0.5,0.38888888888888884
virchow2,14,4,0.75,0.6666666666666666,0.6
virchow2,14,5,0.5,0.5,0.38888888888888884
virchow2,15,1,0.5,0.6666666666666666,0.4444444444444444
virchow2,15,2,0.5,0.5,0.38888888888888884
virchow2,15,3,0.75,0.8333333333333334,0.7777777777777777
virchow2,15,4,0.5,0.5,0.5
virchow2,15,5,0.25,0.3333333333333333,0.16666666666666666
virchow2,16,1,0.5,0.5,0.5
virchow2,16,2,0.5,0.5,0.5
virchow2,16,3,0.25,0.16666666666666666,0.2222222222222222
virchow2,16,4,0.25,0.16666666666666666,0.13333333333333333
virchow2,16,5,0.25,0.3333333333333333,0.16666666666666666
virchow2,17,1,0.25,0.16666666666666666,0.13333333333333333
virchow2,17,2,0.25,0.3333333333333333,0.2222222222222222
virchow2,17,3,0.75,0.8333333333333334,0.7777777777777777
virchow2,17,4,0.5,0.5,0.4444444444444444
virchow2,17,5,0.5,0.5,0.5
virchow2,18,1,0.5,0.3333333333333333,0.2222222222222222
virchow2,18,2,0.25,0.3333333333333333,0.13333333333333333
virchow2,18,3,0.75,0.6666666666666666,0.5555555555555555
virchow2,18,4,0.5,0.5,0.5
virchow2,18,5,0.75,0.8333333333333334,0.7777777777777777
virchow2,19,1,0.25,0.3333333333333333,0.2222222222222222
virchow2,19,2,0.5,0.5,0.4444444444444444
virchow2,19,3,0.5,0.5,0.4444444444444444
virchow2,19,4,0.5,0.6666666666666666,0.4444444444444444
virchow2,19,5,0.75,0.6666666666666666,0.5555555555555555
virchow2,20,1,0.25,0.16666666666666666,0.13333333333333333
virchow2,20,2,0.75,0.6666666666666666,0.5555555555555555
virchow2,20,3,0.75,0.8333333333333334,0.7777777777777777
virchow2,20,4,0.25,0.16666666666666666,0.16666666666666666
virchow2,20,5,0.25,0.16666666666666666,0.13333333333333333
virchow2,21,1,0.25,0.3333333333333333,0.16666666666666666
virchow2,21,2,0.5,0.5,0.38888888888888884
virchow2,21,3,0.75,0.8333333333333334,0.7777777777777777
virchow2,21,4,0.0,0.0,0.0
virchow2,21,5,0.5,0.6666666666666666,0.5
virchow2,22,1,0.5,0.3333333333333333,0.26666666666666666
virchow2,22,2,0.25,0.16666666666666666,0.16666666666666666
virchow2,22,3,0.5,0.3333333333333333,0.26666666666666666
virchow2,22,4,0.25,0.16666666666666666,0.16666666666666666
virchow2,22,5,0.25,0.16666666666666666,0.2222222222222222
virchow2,23,1,0.0,0.0,0.0
virchow2,23,2,0.25,0.3333333333333333,0.16666666666666666
virchow2,23,3,0.5,0.5,0.38888888888888884
virchow2,23,4,1.0,1.0,1.0
virchow2,23,5,0.5,0.6666666666666666,0.4444444444444444
virchow2,24,1,0.75,0.6666666666666666,0.6
virchow2,24,2,0.0,0.0,0.0
virchow2,24,3,0.5,0.5,0.38888888888888884
virchow2,24,4,0.25,0.16666666666666666,0.16666666666666666
virchow2,24,5,0.75,0.8333333333333334,0.7777777777777777
virchow2,25,1,0.5,0.3333333333333333,0.2222222222222222
virchow2,25,2,0.25,0.3333333333333333,0.16666666666666666
virchow2,25,3,0.5,0.3333333333333333,0.2222222222222222
virchow2,25,4,0.5,0.3333333333333333,0.26666666666666666
virchow2,25,5,0.5,0.6666666666666666,0.5
virchow2,26,1,0.75,0.6666666666666666,0.6
virchow2,26,2,0.25,0.3333333333333333,0.2222222222222222
virchow2,26,3,0.25,0.16666666666666666,0.16666666666666666
virchow2,26,4,0.5,0.6666666666666666,0.4444444444444444
virchow2,26,5,0.5,0.5,0.38888888888888884
virchow2,27,1,0.5,0.5,0.38888888888888884
virchow2,27,2,0.75,0.8333333333333334,0.7777777777777777
virchow2,27,3,0.0,0.0,0.0
virchow2,27,4,0.75,0.8333333333333334,0.7777777777777777
virchow2,27,5,0.0,0.0,0.0
virchow2,28,1,0.5,0.6666666666666666,0.4444444444444444
virchow2,28,2,0.5,0.5,0.38888888888888884
virchow2,28,3,0.25,0.16666666666666666,0.16666666666666666
virchow2,28,4,0.0,0.0,0.0
virchow2,28,5,0.25,0.3333333333333333,0.3333333333333333
virchow2,29,1,0.25,0.16666666666666666,0.13333333333333333
virchow2,29,2,0.5,0.6666666666666666,0.4444444444444444
virchow2,29,3,0.5,0.5,0.5
virchow2,29,4,1.0,1.0,1.0
virchow2,29,5,0.5,0.6666666666666666,0.5
virchow2,30,1,0.25,0.16666666666666666,0.13333333333333333
virchow2,30,2,0.75,0.8333333333333334,0.7777777777777777
virchow2,30,3,0.5,0.3333333333333333,0.2222222222222222
virchow2,30,4,0.5,0.3333333333333333,0.26666666666666666
virchow2,30,5,0.25,0.3333333333333333,0.16666666666666666
virchow2,31,1,0.5,0.5,0.5
virchow2,31,2,0.75,0.8333333333333334,0.7777777777777777
virchow2,31,3,0.5,0.5,0.4444444444444444
virchow2,31,4,0.75,0.8333333333333334,0.7777777777777777
virchow2,31,5,0.5,0.5,0.4444444444444444
virchow2,32,1,0.5,0.3333333333333333,0.26666666666666666
virchow2,32,2,0.75,0.6666666666666666,0.5555555555555555
virchow2,32,3,0.75,0.8333333333333334,0.7777777777777777
virchow2,32,4,0.25,0.16666666666666666,0.16666666666666666
virchow2,32,5,0.25,0.16666666666666666,0.2222222222222222
virchow2,33,1,0.25,0.3333333333333333,0.13333333333333333
virchow2,33,2,0.5,0.5,0.5
virchow2,33,3,0.75,0.6666666666666666,0.6
virchow2,33,4,0.75,0.8333333333333334,0.7777777777777777
virchow2,33,5,0.75,0.8333333333333334,0.7777777777777777
virchow2,34,1,0.5,0.6666666666666666,0.5
virchow2,34,2,0.5,0.5,0.4444444444444444
virchow2,34,3,0.25,0.16666666666666666,0.2222222222222222
virchow2,34,4,0.25,0.16666666666666666,0.16666666666666666
virchow2,34,5,0.5,0.5,0.38888888888888884
virchow2,35,1,0.0,0.0,0.0
virchow2,35,2,0.5,0.5,0.5
virchow2,35,3,0.5,0.5,0.38888888888888884
virchow2,35,4,0.5,0.5,0.4444444444444444
virchow2,35,5,0.5,0.5,0.38888888888888884
virchow2,36,1,0.25,0.3333333333333333,0.2222222222222222
virchow2,36,2,0.5,0.5,0.4444444444444444
virchow2,36,3,0.25,0.16666666666666666,0.16666666666666666
virchow2,36,4,0.5,0.6666666666666666,0.4444444444444444
virchow2,36,5,0.25,0.16666666666666666,0.16666666666666666
virchow2,37,1,0.25,0.16666666666666666,0.13333333333333333
virchow2,37,2,0.25,0.16666666666666666,0.16666666666666666
virchow2,37,3,0.0,0.0,0.0
virchow2,37,4,0.75,0.8333333333333334,0.7777777777777777
virchow2,37,5,0.5,0.6666666666666666,0.4444444444444444
virchow2,38,1,0.5,0.5,0.4444444444444444
virchow2,38,2,0.5,0.5,0.4444444444444444
virchow2,38,3,0.5,0.5,0.38888888888888884
virchow2,38,4,0.25,0.3333333333333333,0.13333333333333333
virchow2,38,5,0.0,0.0,0.0
virchow2,39,1,0.5,0.5,0.5
virchow2,39,2,0.25,0.16666666666666666,0.13333333333333333
virchow2,39,3,0.5,0.5,0.38888888888888884
virchow2,39,4,0.75,0.6666666666666666,0.6
virchow2,39,5,0.5,0.6666666666666666,0.5
virchow2,40,1,0.25,0.16666666666666666,0.2222222222222222
virchow2,40,2,0.5,0.5,0.4444444444444444
virchow2,40,3,0.75,0.8333333333333334,0.7777777777777777
virchow2,40,4,0.5,0.6666666666666666,0.4444444444444444
virchow2,40,5,0.5,0.5,0.4444444444444444
virchow2,41,1,0.25,0.16666666666666666,0.2222222222222222
virchow2,41,2,0.25,0.16666666666666666,0.16666666666666666
virchow2,41,3,0.25,0.16666666666666666,0.16666666666666666
virchow2,41,4,0.5,0.5,0.5
virchow2,41,5,0.25,0.3333333333333333,0.2222222222222222
virchow2,42,1,0.25,0.3333333333333333,0.16666666666666666
virchow2,42,2,0.75,0.8333333333333334,0.7777777777777777
virchow2,42,3,0.25,0.3333333333333333,0.13333333333333333
virchow2,42,4,0.5,0.6666666666666666,0.4444444444444444
virchow2,42,5,0.0,0.0,0.0
virchow2,43,1,0.5,0.5,0.5
virchow2,43,2,0.5,0.3333333333333333,0.3333333333333333
virchow2,43,3,0.5,0.5,0.38888888888888884
virchow2,43,4,0.5,0.5,0.38888888888888884
virchow2,43,5,0.5,0.5,0.38888888888888884
virchow2,44,1,0.25,0.3333333333333333,0.2222222222222222
virchow2,44,2,0.25,0.16666666666666666,0.16666666666666666
virchow2,44,3,0.5,0.5,0.4444444444444444
virchow2,44,4,0.5,0.5,0.5
virchow2,44,5,0.25,0.16666666666666666,0.2222222222222222
virchow2,45,1,0.25,0.3333333333333333,0.16666666666666666
virchow2,45,2,0.75,0.8333333333333334,0.7777777777777777
virchow2,45,3,0.0,0.0,0.0
virchow2,45,4,0.25,0.16666666666666666,0.16666666666666666
virchow2,45,5,0.5,0.5,0.5
virchow2,46,1,0.5,0.3333333333333333,0.2222222222222222
virchow2,46,2,0.5,0.5,0.5
virchow2,46,3,0.5,0.6666666666666666,0.4444444444444444
virchow2,46,4,0.25,0.3333333333333333,0.16666666666666666
virchow2,46,5,0.5,0.5,0.38888888888888884
virchow2,47,1,0.25,0.16666666666666666,0.13333333333333333
virchow2,47,2,0.5,0.3333333333333333,0.3333333333333333
virchow2,47,3,0.25,0.3333333333333333,0.13333333333333333
virchow2,47,4,0.0,0.0,0.0
virchow2,47,5,0.5,0.6666666666666666,0.4444444444444444
virchow2,48,1,0.75,0.8333333333333334,0.7777777777777777
virchow2,48,2,0.5,0.5,0.38888888888888884
virchow2,48,3,0.25,0.16666666666666666,0.16666666666666666
virchow2,48,4,0.25,0.3333333333333333,0.2222222222222222
virchow2,48,5,0.25,0.3333333333333333,0.2222222222222222
virchow2,49,1,0.5,0.5,0.38888888888888884
virchow2,49,2,0.5,0.5,0.38888888888888884
virchow2,49,3,0.25,0.16666666666666666,0.13333333333333333
virchow2,49,4,0.25,0.3333333333333333,0.2222222222222222
virchow2,49,5,0.5,0.5,0.38888888888888884
virchow2,50,1,0.5,0.5,0.38888888888888884
virchow2,50,2,0.25,0.16666666666666666,0.16666666666666666
virchow2,50,3,0.25,0.3333333333333333,0.16666666666666666
virchow2,50,4,0.75,0.8333333333333334,0.7777777777777777
virchow2,50,5,0.0,0.0,0.0
