repeat,fold,mean_accuracy,mean_balacc,mean_f1,attention_accuracy,attention_balacc,attention_f1
1,1,0.5,0.5,0.38888888888888884,0.0,0.0,0.0
1,2,0.5,0.5,0.38888888888888884,0.0,0.0,0.0
1,3,0.25,0.16666666666666666,0.13333333333333333,0.5,0.5,0.38888888888888884
1,4,0.25,0.3333333333333333,0.13333333333333333,0.25,0.16666666666666666,0.13333333333333333
1,5,0.0,0.0,0.0,0.0,0.0,0.0
2,1,0.5,0.5,0.5,0.0,0.0,0.0
2,2,0.25,0.16666666666666666,0.16666666666666666,0.0,0.0,0.0
2,3,0.25,0.16666666666666666,0.2222222222222222,0.5,0.5,0.4444444444444444
2,4,0.0,0.0,0.0,0.25,0.16666666666666666,0.13333333333333333
2,5,0.25,0.3333333333333333,0.2222222222222222,0.5,0.5,0.38888888888888884
3,1,0.25,0.16666666666666666,0.16666666666666666,0.25,0.3333333333333333,0.13333333333333333
3,2,0.5,0.3333333333333333,0.3333333333333333,0.25,0.16666666666666666,0.2222222222222222
3,3,0.75,0.6666666666666666,0.5555555555555555,0.5,0.5,0.38888888888888884
3,4,0.25,0.3333333333333333,0.2222222222222222,0.25,0.16666666666666666,0.13333333333333333
3,5,0.25,0.3333333333333333,0.16666666666666666,0.25,0.3333333333333333,0.13333333333333333
4,1,0.5,0.6666666666666666,0.5,0.5,0.6666666666666666,0.5
4,2,0.25,0.3333333333333333,0.16666666666666666,0.25,0.3333333333333333,0.16666666666666666
4,3,0.75,0.6666666666666666,0.5555555555555555,0.5,0.5,0.38888888888888884
4,4,0.0,0.0,0.0,0.0,0.0,0.0
4,5,0.5,0.6666666666666666,0.5,0.25,0.3333333333333333,0.16666666666666666
5,1,0.0,0.0,0.0,0.0,0.0,0.0
5,2,0.5,0.5,0.5,0.25,0.3333333333333333,0.13333333333333333
5,3,0.75,0.6666666666666666,0.6,0.75,0.6666666666666666,0.6
5,4,0.5,0.5,0.4444444444444444,0.5,0.5,0.38888888888888884
5,5,0.5,0.6666666666666666,0.4444444444444444,0.25,0.3333333333333333,0.16666666666666666
6,1,0.75,0.6666666666666666,0.5555555555555555,0.0,0.0,0.0
6,2,0.5,0.3333333333333333,0.26666666666666666,0.25,0.16666666666666666,0.13333333333333333
6,3,0.25,0.16666666666666666,0.13333333333333333,0.25,0.3333333333333333,0.13333333333333333
6,4,0.25,0.3333333333333333,0.2222222222222222,0.25,0.16666666666666666,0.13333333333333333
6,5,0.25,0.3333333333333333,0.16666666666666666,0.0,0.0,0.0
7,1,0.25,0.3333333333333333,0.16666666666666666,0.5,0.6666666666666666,0.5
7,2,0.25,0.16666666666666666,0.16666666666666666,0.5,0.5,0.38888888888888884
7,3,0.5,0.5,0.4444444444444444,0.25,0.3333333333333333,0.13333333333333333
7,4,0.25,0.3333333333333333,0.16666666666666666,0.25,0.3333333333333333,0.16666666666666666
7,5,0.25,0.3333333333333333,0.16666666666666666,0.0,0.0,0.0
8,1,0.25,0.3333333333333333,0.2222222222222222,0.5,0.6666666666666666,0.5
8,2,0.5,0.5,0.38888888888888884,0.5,0.5,0.38888888888888884
8,3,0.5,0.3333333333333333,0.26666666666666666,0.0,0.0,0.0
8,4,0.25,0.3333333333333333,0.16666666666666666,0.25,0.16666666666666666,0.13333333333333333
8,5,0.25,0.3333333333333333,0.16666666666666666,0.0,0.0,0.0
9,1,0.5,0.5,0.38888888888888884,0.0,0.0,0.0
9,2,0.5,0.5,0.38888888888888884,0.25,0.3333333333333333,0.13333333333333333
9,3,0.5,0.5,0.38888888888888884,0.5,0.5,0.38888888888888884
9,4,0.5,0.6666666666666666,0.5,0.25,0.3333333333333333,0.16666666666666666
9,5,0.25,0.3333333333333333,0.16666666666666666,0.25,0.3333333333333333,0.16666666666666666
10,1,0.25,0.3333333333333333,0.2222222222222222,0.25,0.3333333333333333,0.13333333333333333
10,2,0.5,0.5,0.5,0.25,0.16666666666666666,0.16666666666666666
10,3,0.5,0.3333333333333333,0.26666666666666666,0.0,0.0,0.0
10,4,0.25,0.3333333333333333,0.13333333333333333,0.25,0.16666666666666666,0.13333333333333333
10,5,0.0,0.0,0.0,0.0,0.0,0.0
11,1,0.25,0.16666666666666666,0.2222222222222222,0.0,0.0,0.0
11,2,0.5,0.5,0.38888888888888884,0.25,0.16666666666666666,0.16666666666666666
11,3,0.75,0.6666666666666666,0.5555555555555555,0.5,0.5,0.38888888888888884
11,4,0.25,0.3333333333333333,0.16666666666666666,0.75,0.8333333333333334,0.7777777777777777
11,5,0.5,0.5,0.5,0.25,0.16666666666666666,0.13333333333333333
12,1,0.25,0.3333333333333333,0.2222222222222222,0.25,0.3333333333333333,0.13333333333333333
12,2,0.25,0.16666666666666666,0.16666666666666666,0.25,0.16666666666666666,0.13333333333333333
12,3,0.25,0.16666666666666666,0.13333333333333333,0.25,0.3333333333333333,0.13333333333333333
12,4,0.5,0.6666666666666666,0.4444444444444444,0.25,0.3333333333333333,0.13333333333333333
12,5,0.5,0.6666666666666666,0.5,0.5,0.5,0.38888888888888884
13,1,0.25,0.3333333333333333,0.16666666666666666,0.25,0.3333333333333333,0.2222222222222222
13,2,0.25,0.3333333333333333,0.16666666666666666,0.25,0.3333333333333333,0.16666666666666666
13,3,0.25,0.16666666666666666,0.13333333333333333,0.5,0.5,0.38888888888888884
13,4,0.5,0.5,0.38888888888888884,0.25,0.16666666666666666,0.13333333333333333
13,5,0.25,0.3333333333333333,0.16666666666666666,0.25,0.3333333333333333,0.16666666666666666
14,1,0.25,0.16666666666666666,0.16666666666666666,0.25,0.3333333333333333,0.16666666666666666
14,2,0.25,0.3333333333333333,0.16666666666666666,0.25,0.3333333333333333,0.16666666666666666
14,3,0.5,0.5,0.4444444444444444,0.5,0.5,0.4444444444444444
14,4,0.25,0.3333333333333333,0.16666666666666666,0.25,0.3333333333333333,0.16666666666666666
14,5,0.25,0.3333333333333333,0.2222222222222222,0.25,0.16666666666666666,0.16666666666666666
15,1,0.25,0.3333333333333333,0.16666666666666666,0.25,0.3333333333333333,0.2222222222222222
15,2,0.5,0.5,0.38888888888888884,0.25,0.3333333333333333,0.13333333333333333
15,3,0.75,0.8333333333333334,0.7777777777777777,0.5,0.5,0.38888888888888884
15,4,0.25,0.3333333333333333,0.16666666666666666,0.25,0.3333333333333333,0.16666666666666666
15,5,0.25,0.3333333333333333,0.16666666666666666,0.25,0.3333333333333333,0.13333333333333333
16,1,0.5,0.5,0.38888888888888884,0.0,0.0,0.0
16,2,0.5,0.5,0.4444444444444444,0.5,0.5,0.38888888888888884
16,3,0.75,0.8333333333333334,0.7777777777777777,0.5,0.5,0.38888888888888884
16,4,0.25,0.3333333333333333,0.2222222222222222,0.0,0.0,0.0
16,5,0.25,0.3333333333333333,0.13333333333333333,0.25,0.3333333333333333,0.13333333333333333
17,1,0.25,0.16666666666666666,0.13333333333333333,0.0,0.0,0.0
17,2,0.25,0.3333333333333333,0.16666666666666666,0.0,0.0,0.0
17,3,0.25,0.16666666666666666,0.16666666666666666,0.25,0.16666666666666666,0.16666666666666666
17,4,0.25,0.3333333333333333,0.13333333333333333,0.25,0.3333333333333333,0.16666666666666666
17,5,0.5,0.6666666666666666,0.4444444444444444,0.5,0.5,0.5
18,1,0.5,0.5,0.5,0.25,0.3333333333333333,0.13333333333333333
18,2,0.5,0.5,0.5,0.25,0.3333333333333333,0.13333333333333333
18,3,0.5,0.3333333333333333,0.3333333333333333,0.5,0.5,0.38888888888888884
18,4,0.25,0.3333333333333333,0.16666666666666666,0.25,0.3333333333333333,0.13333333333333333
18,5,0.5,0.6666666666666666,0.4444444444444444,0.25,0.3333333333333333,0.16666666666666666
19,1,0.25,0.3333333333333333,0.16666666666666666,0.25,0.3333333333333333,0.13333333333333333
19,2,0.5,0.5,0.4444444444444444,0.0,0.0,0.0
19,3,0.5,0.5,0.38888888888888884,0.5,0.5,0.38888888888888884
19,4,0.5,0.6666666666666666,0.4444444444444444,0.5,0.5,0.38888888888888884
19,5,0.0,0.0,0.0,0.0,0.0,0.0
20,1,0.0,0.0,0.0,0.0,0.0,0.0
20,2,0.75,0.6666666666666666,0.5555555555555555,0.5,0.5,0.38888888888888884
20,3,0.25,0.16666666666666666,0.13333333333333333,0.25,0.16666666666666666,0.16666666666666666
20,4,0.25,0.16666666666666666,0.16666666666666666,0.25,0.16666666666666666,0.16666666666666666
20,5,0.5,0.6666666666666666,0.4444444444444444,0.75,0.6666666666666666,0.6
21,1,0.0,0.0,0.0,0.25,0.3333333333333333,0.16666666666666666
21,2,0.5,0.5,0.38888888888888884,0.5,0.5,0.38888888888888884
21,3,0.25,0.16666666666666666,0.16666666666666666,0.25,0.16666666666666666,0.16666666666666666
21,4,0.0,0.0,0.0,0.0,0.0,0.0
21,5,0.5,0.6666666666666666,0.4444444444444444,0.25,0.3333333333333333,0.13333333333333333
22,1,0.25,0.3333333333333333,0.2222222222222222,0.25,0.3333333333333333,0.13333333333333333
22,2,0.5,0.5,0.4444444444444444,0.0,0.0,0.0
22,3,0.5,0.3333333333333333,0.26666666666666666,0.25,0.16666666666666666,0.16666666666666666
22,4,0.25,0.3333333333333333,0.16666666666666666,0.25,0.16666666666666666,0.13333333333333333
22,5,0.0,0.0,0.0,0.0,0.0,0.0
23,1,0.0,0.0,0.0,0.0,0.0,0.0
23,2,0.25,0.16666666666666666,0.16666666666666666,0.25,0.16666666666666666,0.13333333333333333
23,3,0.5,0.5,0.38888888888888884,0.25,0.3333333333333333,0.16666666666666666
23,4,0.5,0.6666666666666666,0.5,0.25,0.3333333333333333,0.16666666666666666
23,5,0.5,0.6666666666666666,0.5,0.5,0.5,0.38888888888888884
24,1,0.5,0.6666666666666666,0.5,0.5,0.6666666666666666,0.5
24,2,0.0,0.0,0.0,0.0,0.0,0.0
24,3,0.5,0.5,0.38888888888888884,0.25,0.3333333333333333,0.16666666666666666
24,4,0.25,0.3333333333333333,0.13333333333333333,0.25,0.3333333333333333,0.16666666666666666
24,5,0.5,0.6666666666666666,0.5,0.5,0.5,0.5
25,1,0.25,0.16666666666666666,0.16666666666666666,0.0,0.0,0.0
25,2,0.0,0.0,0.0,0.25,0.3333333333333333,0.16666666666666666
25,3,0.5,0.3333333333333333,0.26666666666666666,0.5,0.5,0.38888888888888884
25,4,0.0,0.0,0.0,0.0,0.0,0.0
25,5,0.5,0.6666666666666666,0.5,0.5,0.5,0.38888888888888884
26,1,0.5,0.6666666666666666,0.5,0.5,0.6666666666666666,0.5
26,2,0.0,0.0,0.0,0.25,0.3333333333333333,0.16666666666666666
26,3,0.25,0.16666666666666666,0.16666666666666666,0.0,0.0,0.0
26,4,0.5,0.6666666666666666,0.4444444444444444,0.5,0.5,0.38888888888888884
26,5,0.25,0.3333333333333333,0.16666666666666666,0.0,0.0,0.0
27,1,0.5,0.5,0.38888888888888884,0.5,0.6666666666666666,0.4444444444444444
27,2,0.5,0.5,0.4444444444444444,0.25,0.3333333333333333,0.16666666666666666
27,3,0.25,0.3333333333333333,0.16666666666666666,0.25,0.3333333333333333,0.13333333333333333
27,4,0.5,0.6666666666666666,0.5,0.25,0.3333333333333333,0.16666666666666666
27,5,0.25,0.3333333333333333,0.13333333333333333,0.25,0.3333333333333333,0.13333333333333333
28,1,0.25,0.3333333333333333,0.16666666666666666,0.25,0.3333333333333333,0.16666666666666666
28,2,0.5,0.5,0.38888888888888884,0.25,0.16666666666666666,0.2222222222222222
28,3,0.5,0.5,0.4444444444444444,0.25,0.3333333333333333,0.13333333333333333
28,4,0.0,0.0,0.0,0.25,0.16666666666666666,0.13333333333333333
28,5,0.25,0.3333333333333333,0.2222222222222222,0.25,0.3333333333333333,0.16666666666666666
29,1,0.5,0.5,0.5,0.25,0.3333333333333333,0.16666666666666666
29,2,0.25,0.3333333333333333,0.2222222222222222,0.25,0.16666666666666666,0.16666666666666666
29,3,0.25,0.16666666666666666,0.13333333333333333,0.5,0.5,0.4444444444444444
29,4,0.5,0.6666666666666666,0.4444444444444444,0.25,0.3333333333333333,0.16666666666666666
29,5,0.5,0.6666666666666666,0.5,0.25,0.3333333333333333,0.13333333333333333
30,1,0.0,0.0,0.0,0.25,0.3333333333333333,0.16666666666666666
30,2,0.75,0.8333333333333334,0.7777777777777777,0.5,0.5,0.38888888888888884
30,3,0.25,0.16666666666666666,0.16666666666666666,0.25,0.3333333333333333,0.16666666666666666
30,4,0.5,0.6666666666666666,0.5,0.0,0.0,0.0
30,5,0.25,0.3333333333333333,0.16666666666666666,0.0,0.0,0.0
31,1,0.0,0.0,0.0,0.0,0.0,0.0
31,2,0.5,0.5,0.38888888888888884,0.25,0.16666666666666666,0.16666666666666666
31,3,0.75,0.8333333333333334,0.7777777777777777,0.5,0.5,0.38888888888888884
31,4,0.5,0.6666666666666666,0.5,0.25,0.3333333333333333,0.16666666666666666
31,5,0.25,0.3333333333333333,0.2222222222222222,0.0,0.0,0.0
32,1,0.25,0.3333333333333333,0.2222222222222222,0.0,0.0,0.0
32,2,0.75,0.6666666666666666,0.5555555555555555,0.5,0.5,0.38888888888888884
32,3,0.5,0.5,0.38888888888888884,0.25,0.16666666666666666,0.16666666666666666
32,4,0.0,0.0,0.0,0.0,0.0,0.0
32,5,0.0,0.0,0.0,0.0,0.0,0.0
33,1,0.0,0.0,0.0,0.25,0.3333333333333333,0.13333333333333333
33,2,0.5,0.5,0.4444444444444444,0.5,0.5,0.38888888888888884
33,3,0.5,0.3333333333333333,0.2222222222222222,0.5,0.3333333333333333,0.2222222222222222
33,4,0.5,0.5,0.38888888888888884,0.5,0.5,0.38888888888888884
33,5,0.5,0.6666666666666666,0.5,0.25,0.3333333333333333,0.16666666666666666
34,1,0.25,0.3333333333333333,0.13333333333333333,0.25,0.3333333333333333,0.16666666666666666
34,2,0.5,0.5,0.38888888888888884,0.25,0.16666666666666666,0.16666666666666666
34,3,0.5,0.5,0.5,0.0,0.0,0.0
34,4,0.25,0.3333333333333333,0.16666666666666666,0.25,0.16666666666666666,0.13333333333333333
34,5,0.5,0.6666666666666666,0.4444444444444444,0.25,0.3333333333333333,0.16666666666666666
35,1,0.25,0.3333333333333333,0.16666666666666666,0.25,0.3333333333333333,0.13333333333333333
35,2,0.0,0.0,0.0,0.25,0.3333333333333333,0.13333333333333333
35,3,0.25,0.16666666666666666,0.13333333333333333,0.25,0.3333333333333333,0.16666666666666666
35,4,0.25,0.3333333333333333,0.16666666666666666,0.0,0.0,0.0
35,5,0.25,0.3333333333333333,0.2222222222222222,0.0,0.0,0.0
36,1,0.25,0.3333333333333333,0.2222222222222222,0.25,0.3333333333333333,0.16666666666666666
36,2,0.5,0.5,0.38888888888888884,0.25,0.16666666666666666,0.2222222222222222
36,3,0.25,0.16666666666666666,0.16666666666666666,0.25,0.3333333333333333,0.16666666666666666
36,4,0.5,0.6666666666666666,0.4444444444444444,0.75,0.6666666666666666,0.6
36,5,0.5,0.6666666666666666,0.4444444444444444,0.25,0.3333333333333333,0.16666666666666666
37,1,0.0,0.0,0.0,0.0,0.0,0.0
37,2,0.25,0.16666666666666666,0.16666666666666666,0.25,0.16666666666666666,0.16666666666666666
37,3,0.25,0.16666666666666666,0.2222222222222222,0.5,0.5,0.38888888888888884
37,4,0.5,0.6666666666666666,0.4444444444444444,0.25,0.3333333333333333,0.16666666666666666
37,5,0.5,0.6666666666666666,0.5,0.25,0.3333333333333333,0.16666666666666666
38,1,0.5,0.5,0.4444444444444444,0.25,0.3333333333333333,0.16666666666666666
38,2,0.25,0.16666666666666666,0.2222222222222222,0.0,0.0,0.0
38,3,0.75,0.8333333333333334,0.7777777777777777,0.5,0.5,0.38888888888888884
38,4,0.25,0.3333333333333333,0.13333333333333333,0.25,0.3333333333333333,0.13333333333333333
38,5,0.25,0.3333333333333333,0.13333333333333333,0.0,0.0,0.0
39,1,0.0,0.0,0.0,0.0,0.0,0.0
39,2,0.25,0.16666666666666666,0.2222222222222222,0.0,0.0,0.0
39,3,0.5,0.5,0.38888888888888884,0.0,0.0,0.0
39,4,0.25,0.3333333333333333,0.2222222222222222,0.5,0.5,0.38888888888888884
39,5,0.5,0.6666666666666666,0.4444444444444444,0.25,0.3333333333333333,0.13333333333333333
40,1,0.0,0.0,0.0,0.0,0.0,0.0
40,2,0.25,0.16666666666666666,0.16666666666666666,0.25,0.3333333333333333,0.13333333333333333
40,3,0.5,0.5,0.4444444444444444,0.25,0.3333333333333333,0.16666666666666666
40,4,0.5,0.6666666666666666,0.4444444444444444,0.25,0.3333333333333333,0.16666666666666666
40,5,0.25,0.3333333333333333,0.16666666666666666,0.25,0.3333333333333333,0.16666666666666666
41,1,0.0,0.0,0.0,0.25,0.3333333333333333,0.13333333333333333
41,2,0.25,0.16666666666666666,0.16666666666666666,0.0,0.0,0.0
41,3,0.25,0.16666666666666666,0.16666666666666666,0.25,0.16666666666666666,0.16666666666666666
41,4,0.25,0.3333333333333333,0.2222222222222222,0.25,0.3333333333333333,0.16666666666666666
41,5,0.5,0.6666666666666666,0.4444444444444444,0.25,0.3333333333333333,0.16666666666666666
42,1,0.25,0.3333333333333333,0.16666666666666666,0.25,0.3333333333333333,0.16666666666666666
42,2,0.5,0.5,0.38888888888888884,0.25,0.16666666666666666,0.16666666666666666
42,3,0.25,0.3333333333333333,0.16666666666666666,0.25,0.3333333333333333,0.13333333333333333
42,4,0.5,0.6666666666666666,0.4444444444444444,0.0,0.0,0.0
42,5,0.0,0.0,0.0,0.0,0.0,0.0
43,1,0.25,0.3333333333333333,0.3333333333333333,0.25,0.3333333333333333,0.13333333333333333
43,2,0.5,0.3333333333333333,0.26666666666666666,0.5,0.5,0.38888888888888884
43,3,0.5,0.5,0.5,0.5,0.5,0.38888888888888884
43,4,0.0,0.0,0.0,0.0,0.0,0.0
43,5,0.5,0.5,0.38888888888888884,0.25,0.16666666666666666,0.13333333333333333
44,1,0.25,0.3333333333333333,0.2222222222222222,0.25,0.3333333333333333,0.13333333333333333
44,2,0.25,0.16666666666666666,0.16666666666666666,0.0,0.0,0.0
44,3,0.5,0.5,0.38888888888888884,0.25,0.16666666666666666,0.16666666666666666
44,4,0.25,0.3333333333333333,0.16666666666666666,0.0,0.0,0.0
44,5,0.0,0.0,0.0,0.25,0.16666666666666666,0.16666666666666666
45,1,0.25,0.3333333333333333,0.2222222222222222,0.5,0.6666666666666666,0.4444444444444444
45,2,0.5,0.5,0.38888888888888884,0.5,0.5,0.38888888888888884
45,3,0.25,0.16666666666666666,0.16666666666666666,0.5,0.5,0.38888888888888884
45,4,0.0,0.0,0.0,0.0,0.0,0.0
45,5,0.5,0.6666666666666666,0.4444444444444444,0.5,0.5,0.38888888888888884
46,1,0.0,0.0,0.0,0.25,0.3333333333333333,0.16666666666666666
46,2,0.25,0.16666666666666666,0.16666666666666666,0.25,0.3333333333333333,0.13333333333333333
46,3,0.25,0.3333333333333333,0.16666666666666666,0.0,0.0,0.0
46,4,0.25,0.3333333333333333,0.16666666666666666,0.25,0.3333333333333333,0.13333333333333333
46,5,0.5,0.6666666666666666,0.4444444444444444,0.25,0.3333333333333333,0.16666666666666666
47,1,0.25,0.3333333333333333,0.2222222222222222,0.25,0.3333333333333333,0.16666666666666666
47,2,0.75,0.6666666666666666,0.5555555555555555,0.5,0.5,0.38888888888888884
47,3,0.25,0.3333333333333333,0.13333333333333333,0.5,0.5,0.38888888888888884
47,4,0.0,0.0,0.0,0.0,0.0,0.0
47,5,0.5,0.6666666666666666,0.4444444444444444,0.25,0.3333333333333333,0.16666666666666666
48,1,0.5,0.6666666666666666,0.4444444444444444,0.5,0.6666666666666666,0.4444444444444444
48,2,0.25,0.16666666666666666,0.16666666666666666,0.0,0.0,0.0
48,3,0.5,0.3333333333333333,0.26666666666666666,0.0,0.0,0.0
48,4,0.5,0.6666666666666666,0.4444444444444444,0.25,0.3333333333333333,0.16666666666666666
48,5,0.25,0.3333333333333333,0.13333333333333333,0.25,0.16666666666666666,0.13333333333333333
49,1,0.25,0.16666666666666666,0.2222222222222222,0.0,0.0,0.0
49,2,0.5,0.5,0.38888888888888884,0.0,0.0,0.0
49,3,0.5,0.3333333333333333,0.2222222222222222,0.0,0.0,0.0
49,4,0.25,0.3333333333333333,0.2222222222222222,0.75,0.8333333333333334,0.7777777777777777
49,5,0.25,0.3333333333333333,0.16666666666666666,0.0,0.0,0.0
50,1,0.25,0.3333333333333333,0.2222222222222222,0.0,0.0,0.0
50,2,0.5,0.5,0.4444444444444444,0.25,0.16666666666666666,0.16666666666666666
50,3,0.0,0.0,0.0,0.25,0.3333333333333333,0.16666666666666666
50,4,0.5,0.6666666666666666,0.5,0.25,0.3333333333333333,0.16666666666666666
50,5,0.25,0.3333333333333333,0.2222222222222222,0.25,0.3333333333333333,0.16666666666666666
